2026-02-14T22:41:19.598Z [console][error] Image with src "https://slelguoygbfzlpylpxfs.supabase.co/storage/v1/object/public/test-clones/e493a9e9-cb10-474b-b970-6c6f2509ebfd-rbxchance-com/assets/images/banner-1.jpg" has "fill" but is missing "sizes" prop. Please add it to improve page performance. Read more: https://nextjs.org/docs/api-reference/next/image#sizes
2026-02-14T22:41:19.657Z [console][error] Image with src "https://slelguoygbfzlpylpxfs.supabase.co/storage/v1/object/public/test-clones/e493a9e9-cb10-474b-b970-6c6f2509ebfd-rbxchance-com/assets/images/coinflipbg-20.png" has "fill" but is missing "sizes" prop. Please add it to improve page performance. Read more: https://nextjs.org/docs/api-reference/next/image#sizes
2026-02-14T22:41:19.663Z [console][error] Image with src "https://slelguoygbfzlpylpxfs.supabase.co/storage/v1/object/public/test-clones/e493a9e9-cb10-474b-b970-6c6f2509ebfd-rbxchance-com/assets/images/coinflipforeground-21.png" has "fill" but is missing "sizes" prop. Please add it to improve page performance. Read more: https://nextjs.org/docs/api-reference/next/image#sizes
2026-02-14T22:41:19.397Z [console][error] A tree hydrated but some attributes of the server rendered HTML didn't match the client properties. This won't be patched up. This can happen if a SSR-ed Client Component used:

- A server/client branch `if (typeof window !== 'undefined')`.
- Variable input such as `Date.now()` or `Math.random()` which changes each time it's called.
- Date formatting in a user's locale which doesn't match the server.
- External changing data without sending a snapshot of it along with the HTML.
- Invalid HTML tag nesting.

It can also happen if the client has a browser extension installed which messes with the HTML before React loaded.

%s%s https://react.dev/link/hydration-mismatch 

  ...
    <HotReload assetPrefix="" globalError={[...]}>
      <AppDevOverlayErrorBoundary globalError={[...]}>
        <ReplaySsrOnlyErrors>
        <DevRootHTTPAccessFallbackBoundary>
          <HTTPAccessFallbackBoundary notFound={<NotAllowedRootHTTPFallbackError>}>
            <HTTPAccessFallbackErrorBoundary pathname="/" notFound={<NotAllowedRootHTTPFallbackError>} ...>
              <RedirectBoundary>
                <RedirectErrorBoundary router={{...}}>
                  <Head headCacheNode={{lazyData:null, ...}}>
                    <__next_viewport_boundary__>
                    <MetadataTree>
                      <__next_metadata_boundary__>
                        <__next_metadata_boundary__>
                          <div
                            hidden={true}
-                           data-orchid-ref="ref-cmuaski6c8"
                          >
                  <__next_root_layout_boundary__>
                    <SegmentViewNode type="layout" pagePath="/orchids-p...">
                      <SegmentTrieNode>
                      <link>
                      <script>
                      <script>
                      <RootLayout>
                        <html data-orchids-id="src\app\la..." data-orchids-name="html" lang="en">
                          <body
                      ...
2026-02-15T14:10:34.410Z [console][error] Image with src "https://slelguoygbfzlpylpxfs.supabase.co/storage/v1/object/public/test-clones/e493a9e9-cb10-474b-b970-6c6f2509ebfd-rbxchance-com/assets/images/coinflipbg-20.png" has "fill" but is missing "sizes" prop. Please add it to improve page performance. Read more: https://nextjs.org/docs/api-reference/next/image#sizes
2026-02-15T14:10:34.411Z [console][error] Image with src "https://slelguoygbfzlpylpxfs.supabase.co/storage/v1/object/public/test-clones/e493a9e9-cb10-474b-b970-6c6f2509ebfd-rbxchance-com/assets/images/coinflipforeground-21.png" has "fill" but is missing "sizes" prop. Please add it to improve page performance. Read more: https://nextjs.org/docs/api-reference/next/image#sizes
2026-02-15T14:10:34.291Z [console][error] A tree hydrated but some attributes of the server rendered HTML didn't match the client properties. This won't be patched up. This can happen if a SSR-ed Client Component used:

- A server/client branch `if (typeof window !== 'undefined')`.
- Variable input such as `Date.now()` or `Math.random()` which changes each time it's called.
- Date formatting in a user's locale which doesn't match the server.
- External changing data without sending a snapshot of it along with the HTML.
- Invalid HTML tag nesting.

It can also happen if the client has a browser extension installed which messes with the HTML before React loaded.

%s%s https://react.dev/link/hydration-mismatch 

  ...
    <HotReload assetPrefix="" globalError={[...]}>
      <AppDevOverlayErrorBoundary globalError={[...]}>
        <ReplaySsrOnlyErrors>
        <DevRootHTTPAccessFallbackBoundary>
          <HTTPAccessFallbackBoundary notFound={<NotAllowedRootHTTPFallbackError>}>
            <HTTPAccessFallbackErrorBoundary pathname="/" notFound={<NotAllowedRootHTTPFallbackError>} ...>
              <RedirectBoundary>
                <RedirectErrorBoundary router={{...}}>
                  <Head>
                  <__next_root_layout_boundary__>
                    <SegmentViewNode type="layout" pagePath="/orchids-p...">
                      <SegmentTrieNode>
                      <link>
                      <script>
                      <script>
                      <RootLayout>
                        <html data-orchids-id="src\app\la..." data-orchids-name="html" lang="en">
                          <body
                            data-orchids-id="src\app\layout.tsx:19:6"
                            data-orchids-name="body"
                            className="antialiased"
-                           data-orchid-ref="ref-72ijei37be"
                          >
                            <FairProvider data-orchids-id="src\app\la..." data-orchids-name="FairProvider">
                              <Loadin...
2026-02-15T19:45:02.323Z [console][error] Image with src "https://slelguoygbfzlpylpxfs.supabase.co/storage/v1/object/public/test-clones/e493a9e9-cb10-474b-b970-6c6f2509ebfd-rbxchance-com/assets/images/coinflipbg-20.png" has "fill" but is missing "sizes" prop. Please add it to improve page performance. Read more: https://nextjs.org/docs/api-reference/next/image#sizes
2026-02-15T19:45:02.398Z [console][error] Image with src "https://slelguoygbfzlpylpxfs.supabase.co/storage/v1/object/public/test-clones/e493a9e9-cb10-474b-b970-6c6f2509ebfd-rbxchance-com/assets/images/coinflipforeground-21.png" has "fill" but is missing "sizes" prop. Please add it to improve page performance. Read more: https://nextjs.org/docs/api-reference/next/image#sizes
2026-02-15T19:45:02.161Z [console][error] A tree hydrated but some attributes of the server rendered HTML didn't match the client properties. This won't be patched up. This can happen if a SSR-ed Client Component used:

- A server/client branch `if (typeof window !== 'undefined')`.
- Variable input such as `Date.now()` or `Math.random()` which changes each time it's called.
- Date formatting in a user's locale which doesn't match the server.
- External changing data without sending a snapshot of it along with the HTML.
- Invalid HTML tag nesting.

It can also happen if the client has a browser extension installed which messes with the HTML before React loaded.

%s%s https://react.dev/link/hydration-mismatch 

  ...
    <ScrollAndFocusHandler segmentPath={[...]}>
      <InnerScrollAndFocusHandler segmentPath={[...]} focusAndScrollRef={{apply:false, ...}}>
        <ErrorBoundary errorComponent={undefined} errorStyles={undefined} errorScripts={undefined}>
          <LoadingBoundary loading={null}>
            <HTTPAccessFallbackBoundary notFound={<SegmentViewNode>} forbidden={undefined} unauthorized={undefined}>
              <HTTPAccessFallbackErrorBoundary pathname="/" notFound={<SegmentViewNode>} forbidden={undefined} ...>
                <RedirectBoundary>
                  <RedirectErrorBoundary router={{...}}>
                    <InnerLayoutRouter url="/" tree={[...]} cacheNode={{lazyData:null, ...}} segmentPath={[...]}>
                      <SegmentViewNode type="page" pagePath="/orchids-p...">
                        <SegmentTrieNode>
                        <ClientPageRoot Component={function Home} searchParams={{}} params={{}}>
                          <Home params={Promise} searchParams={Promise}>
                            <div data-orchids-id="src\app\pa..." data-orchids-name="div" className="flex min-h...">
                              <SidebarChat data-orchids-id="src\app\pa..." data-orchids-name="Sidebar" isOpen={true} ...>
                                <aside
                           ...
2026-02-15T19:45:02.323Z [console][error] Image with src "https://slelguoygbfzlpylpxfs.supabase.co/storage/v1/object/public/test-clones/e493a9e9-cb10-474b-b970-6c6f2509ebfd-rbxchance-com/assets/images/coinflipbg-20.png" has "fill" but is missing "sizes" prop. Please add it to improve page performance. Read more: https://nextjs.org/docs/api-reference/next/image#sizes
2026-02-15T19:45:02.398Z [console][error] Image with src "https://slelguoygbfzlpylpxfs.supabase.co/storage/v1/object/public/test-clones/e493a9e9-cb10-474b-b970-6c6f2509ebfd-rbxchance-com/assets/images/coinflipforeground-21.png" has "fill" but is missing "sizes" prop. Please add it to improve page performance. Read more: https://nextjs.org/docs/api-reference/next/image#sizes
2026-02-15T19:45:02.161Z [console][error] A tree hydrated but some attributes of the server rendered HTML didn't match the client properties. This won't be patched up. This can happen if a SSR-ed Client Component used:

- A server/client branch `if (typeof window !== 'undefined')`.
- Variable input such as `Date.now()` or `Math.random()` which changes each time it's called.
- Date formatting in a user's locale which doesn't match the server.
- External changing data without sending a snapshot of it along with the HTML.
- Invalid HTML tag nesting.

It can also happen if the client has a browser extension installed which messes with the HTML before React loaded.

%s%s https://react.dev/link/hydration-mismatch 

  ...
    <ScrollAndFocusHandler segmentPath={[...]}>
      <InnerScrollAndFocusHandler segmentPath={[...]} focusAndScrollRef={{apply:false, ...}}>
        <ErrorBoundary errorComponent={undefined} errorStyles={undefined} errorScripts={undefined}>
          <LoadingBoundary loading={null}>
            <HTTPAccessFallbackBoundary notFound={<SegmentViewNode>} forbidden={undefined} unauthorized={undefined}>
              <HTTPAccessFallbackErrorBoundary pathname="/" notFound={<SegmentViewNode>} forbidden={undefined} ...>
                <RedirectBoundary>
                  <RedirectErrorBoundary router={{...}}>
                    <InnerLayoutRouter url="/" tree={[...]} cacheNode={{lazyData:null, ...}} segmentPath={[...]}>
                      <SegmentViewNode type="page" pagePath="/orchids-p...">
                        <SegmentTrieNode>
                        <ClientPageRoot Component={function Home} searchParams={{}} params={{}}>
                          <Home params={Promise} searchParams={Promise}>
                            <div data-orchids-id="src\app\pa..." data-orchids-name="div" className="flex min-h...">
                              <SidebarChat data-orchids-id="src\app\pa..." data-orchids-name="Sidebar" isOpen={true} ...>
                                <aside
                           ...
2026-02-16T12:29:42.919Z [console][error] Image with src "https://slelguoygbfzlpylpxfs.supabase.co/storage/v1/object/public/test-clones/e493a9e9-cb10-474b-b970-6c6f2509ebfd-rbxchance-com/assets/images/coinflipbg-20.png" has "fill" but is missing "sizes" prop. Please add it to improve page performance. Read more: https://nextjs.org/docs/api-reference/next/image#sizes
2026-02-16T12:29:42.940Z [console][error] Image with src "https://slelguoygbfzlpylpxfs.supabase.co/storage/v1/object/public/test-clones/e493a9e9-cb10-474b-b970-6c6f2509ebfd-rbxchance-com/assets/images/coinflipforeground-21.png" has "fill" but is missing "sizes" prop. Please add it to improve page performance. Read more: https://nextjs.org/docs/api-reference/next/image#sizes
2026-02-16T12:29:42.823Z [console][error] A tree hydrated but some attributes of the server rendered HTML didn't match the client properties. This won't be patched up. This can happen if a SSR-ed Client Component used:

- A server/client branch `if (typeof window !== 'undefined')`.
- Variable input such as `Date.now()` or `Math.random()` which changes each time it's called.
- Date formatting in a user's locale which doesn't match the server.
- External changing data without sending a snapshot of it along with the HTML.
- Invalid HTML tag nesting.

It can also happen if the client has a browser extension installed which messes with the HTML before React loaded.

%s%s https://react.dev/link/hydration-mismatch 

  ...
    <AppDevOverlayErrorBoundary globalError={[...]}>
      <ReplaySsrOnlyErrors>
      <DevRootHTTPAccessFallbackBoundary>
        <HTTPAccessFallbackBoundary notFound={<NotAllowedRootHTTPFallbackError>}>
          <HTTPAccessFallbackErrorBoundary pathname="/" notFound={<NotAllowedRootHTTPFallbackError>} ...>
            <RedirectBoundary>
              <RedirectErrorBoundary router={{...}}>
                <Head>
                <__next_root_layout_boundary__>
                  <SegmentViewNode type="layout" pagePath="/orchids-p...">
                    <SegmentTrieNode>
                    <link>
                    <script>
                    <script>
                    <RootLayout>
                      <html data-orchids-id="src\app\la..." data-orchids-name="html" lang="en">
                        <body data-orchids-id="src\app\la..." data-orchids-name="body" className="antialiased">
                          <FairProvider data-orchids-id="src\app\la..." data-orchids-name="FairProvider">
                            <LoadingScreen data-orchids-id="src\app\la..." data-orchids-name="LoadingScreen">
                              <div data-orchids-id="src\compon..." data-orchids-name="div" className="fixed inse..." ...>
                                <div
                                  dat...
2026-02-16T14:55:04.385Z [console][error] ./orchids-projects/yellow-ferret/src/components/sections/CasesGame.tsx
Error evaluating Node.js code
SyntaxError: Adjacent JSX elements must be wrapped in an enclosing tag. Did you want a JSX fragment <>...</>? (513:8)
    [at toParseError (C:\Users\serge\orchids-projects\yellow-ferret\node_modules\@babel\parser\src\parse-error.ts:95:45)]
    [at TypeScriptParserMixin.raise (C:\Users\serge\orchids-projects\yellow-ferret\node_modules\@babel\parser\src\tokenizer\index.ts:1507:19)]
    [at TypeScriptParserMixin.jsxParseElementAt (C:\Users\serge\orchids-projects\yellow-ferret\node_modules\@babel\parser\src\plugins\jsx\index.ts:543:20)]
    [at TypeScriptParserMixin.jsxParseElement (C:\Users\serge\orchids-projects\yellow-ferret\node_modules\@babel\parser\src\plugins\jsx\index.ts:559:19)]
    [at TypeScriptParserMixin.parseExprAtom (C:\Users\serge\orchids-projects\yellow-ferret\node_modules\@babel\parser\src\plugins\jsx\index.ts:573:21)]
    [at TypeScriptParserMixin.parseExprSubscripts (C:\Users\serge\orchids-projects\yellow-ferret\node_modules\@babel\parser\src\parser\expression.ts:742:23)]
    [at TypeScriptParserMixin.parseUpdate (C:\Users\serge\orchids-projects\yellow-ferret\node_modules\@babel\parser\src\parser\expression.ts:721:21)]
    [at TypeScriptParserMixin.parseMaybeUnary (C:\Users\serge\orchids-projects\yellow-ferret\node_modules\@babel\parser\src\parser\expression.ts:683:23)]
    [at TypeScriptParserMixin.parseMaybeUnary (C:\Users\serge\orchids-projects\yellow-ferret\node_modules\@babel\parser\src\plugins\typescript\index.ts:3876:20)]
    [at TypeScriptParserMixin.parseMaybeUnaryOrPrivate (C:\Users\serge\orchids-projects\yellow-ferret\node_modules\@babel\parser\src\parser\expression.ts:417:14)]

Import traces:
  Client Component Browser:
    ./orchids-projects/yellow-ferret/src/components/sections/CasesGame.tsx [Client Component Browser]
    ./orchids-projects/yellow-ferret/src/app/cases/page.tsx [Client Component Browser]
    ./orchids-projects/yellow-ferr...
2026-02-16T14:55:04.435Z [console][error] ./orchids-projects/yellow-ferret/src/components/sections/CasesGame.tsx
Error evaluating Node.js code
SyntaxError: Adjacent JSX elements must be wrapped in an enclosing tag. Did you want a JSX fragment <>...</>? (513:8)
    [at toParseError (C:\Users\serge\orchids-projects\yellow-ferret\node_modules\@babel\parser\src\parse-error.ts:95:45)]
    [at TypeScriptParserMixin.raise (C:\Users\serge\orchids-projects\yellow-ferret\node_modules\@babel\parser\src\tokenizer\index.ts:1507:19)]
    [at TypeScriptParserMixin.jsxParseElementAt (C:\Users\serge\orchids-projects\yellow-ferret\node_modules\@babel\parser\src\plugins\jsx\index.ts:543:20)]
    [at TypeScriptParserMixin.jsxParseElement (C:\Users\serge\orchids-projects\yellow-ferret\node_modules\@babel\parser\src\plugins\jsx\index.ts:559:19)]
    [at TypeScriptParserMixin.parseExprAtom (C:\Users\serge\orchids-projects\yellow-ferret\node_modules\@babel\parser\src\plugins\jsx\index.ts:573:21)]
    [at TypeScriptParserMixin.parseExprSubscripts (C:\Users\serge\orchids-projects\yellow-ferret\node_modules\@babel\parser\src\parser\expression.ts:742:23)]
    [at TypeScriptParserMixin.parseUpdate (C:\Users\serge\orchids-projects\yellow-ferret\node_modules\@babel\parser\src\parser\expression.ts:721:21)]
    [at TypeScriptParserMixin.parseMaybeUnary (C:\Users\serge\orchids-projects\yellow-ferret\node_modules\@babel\parser\src\parser\expression.ts:683:23)]
    [at TypeScriptParserMixin.parseMaybeUnary (C:\Users\serge\orchids-projects\yellow-ferret\node_modules\@babel\parser\src\plugins\typescript\index.ts:3876:20)]
    [at TypeScriptParserMixin.parseMaybeUnaryOrPrivate (C:\Users\serge\orchids-projects\yellow-ferret\node_modules\@babel\parser\src\parser\expression.ts:417:14)]

Import traces:
  Client Component Browser:
    ./orchids-projects/yellow-ferret/src/components/sections/CasesGame.tsx [Client Component Browser]
    ./orchids-projects/yellow-ferret/src/app/cases/page.tsx [Client Component Browser]
    ./orchids-projects/yellow-ferr...
2026-02-16T14:55:04.494Z [console][error] ./orchids-projects/yellow-ferret/src/components/sections/CasesGame.tsx
Error evaluating Node.js code
SyntaxError: Adjacent JSX elements must be wrapped in an enclosing tag. Did you want a JSX fragment <>...</>? (513:8)
    [at toParseError (C:\Users\serge\orchids-projects\yellow-ferret\node_modules\@babel\parser\src\parse-error.ts:95:45)]
    [at TypeScriptParserMixin.raise (C:\Users\serge\orchids-projects\yellow-ferret\node_modules\@babel\parser\src\tokenizer\index.ts:1507:19)]
    [at TypeScriptParserMixin.jsxParseElementAt (C:\Users\serge\orchids-projects\yellow-ferret\node_modules\@babel\parser\src\plugins\jsx\index.ts:543:20)]
    [at TypeScriptParserMixin.jsxParseElement (C:\Users\serge\orchids-projects\yellow-ferret\node_modules\@babel\parser\src\plugins\jsx\index.ts:559:19)]
    [at TypeScriptParserMixin.parseExprAtom (C:\Users\serge\orchids-projects\yellow-ferret\node_modules\@babel\parser\src\plugins\jsx\index.ts:573:21)]
    [at TypeScriptParserMixin.parseExprSubscripts (C:\Users\serge\orchids-projects\yellow-ferret\node_modules\@babel\parser\src\parser\expression.ts:742:23)]
    [at TypeScriptParserMixin.parseUpdate (C:\Users\serge\orchids-projects\yellow-ferret\node_modules\@babel\parser\src\parser\expression.ts:721:21)]
    [at TypeScriptParserMixin.parseMaybeUnary (C:\Users\serge\orchids-projects\yellow-ferret\node_modules\@babel\parser\src\parser\expression.ts:683:23)]
    [at TypeScriptParserMixin.parseMaybeUnary (C:\Users\serge\orchids-projects\yellow-ferret\node_modules\@babel\parser\src\plugins\typescript\index.ts:3876:20)]
    [at TypeScriptParserMixin.parseMaybeUnaryOrPrivate (C:\Users\serge\orchids-projects\yellow-ferret\node_modules\@babel\parser\src\parser\expression.ts:417:14)]

Import traces:
  Client Component Browser:
    ./orchids-projects/yellow-ferret/src/components/sections/CasesGame.tsx [Client Component Browser]
    ./orchids-projects/yellow-ferret/src/app/cases/page.tsx [Client Component Browser]
    ./orchids-projects/yellow-ferr...
2026-02-16T14:55:04.561Z [console][error] ./orchids-projects/yellow-ferret/src/components/sections/CasesGame.tsx
Error evaluating Node.js code
SyntaxError: Adjacent JSX elements must be wrapped in an enclosing tag. Did you want a JSX fragment <>...</>? (513:8)
    [at toParseError (C:\Users\serge\orchids-projects\yellow-ferret\node_modules\@babel\parser\src\parse-error.ts:95:45)]
    [at TypeScriptParserMixin.raise (C:\Users\serge\orchids-projects\yellow-ferret\node_modules\@babel\parser\src\tokenizer\index.ts:1507:19)]
    [at TypeScriptParserMixin.jsxParseElementAt (C:\Users\serge\orchids-projects\yellow-ferret\node_modules\@babel\parser\src\plugins\jsx\index.ts:543:20)]
    [at TypeScriptParserMixin.jsxParseElement (C:\Users\serge\orchids-projects\yellow-ferret\node_modules\@babel\parser\src\plugins\jsx\index.ts:559:19)]
    [at TypeScriptParserMixin.parseExprAtom (C:\Users\serge\orchids-projects\yellow-ferret\node_modules\@babel\parser\src\plugins\jsx\index.ts:573:21)]
    [at TypeScriptParserMixin.parseExprSubscripts (C:\Users\serge\orchids-projects\yellow-ferret\node_modules\@babel\parser\src\parser\expression.ts:742:23)]
    [at TypeScriptParserMixin.parseUpdate (C:\Users\serge\orchids-projects\yellow-ferret\node_modules\@babel\parser\src\parser\expression.ts:721:21)]
    [at TypeScriptParserMixin.parseMaybeUnary (C:\Users\serge\orchids-projects\yellow-ferret\node_modules\@babel\parser\src\parser\expression.ts:683:23)]
    [at TypeScriptParserMixin.parseMaybeUnary (C:\Users\serge\orchids-projects\yellow-ferret\node_modules\@babel\parser\src\plugins\typescript\index.ts:3876:20)]
    [at TypeScriptParserMixin.parseMaybeUnaryOrPrivate (C:\Users\serge\orchids-projects\yellow-ferret\node_modules\@babel\parser\src\parser\expression.ts:417:14)]

Import traces:
  Client Component Browser:
    ./orchids-projects/yellow-ferret/src/components/sections/CasesGame.tsx [Client Component Browser]
    ./orchids-projects/yellow-ferret/src/app/cases/page.tsx [Client Component Browser]
    ./orchids-projects/yellow-ferr...
2026-02-16T14:55:05.130Z [console][error] ./orchids-projects/yellow-ferret/src/components/sections/CasesGame.tsx
Error evaluating Node.js code
SyntaxError: Adjacent JSX elements must be wrapped in an enclosing tag. Did you want a JSX fragment <>...</>? (513:8)
    [at toParseError (C:\Users\serge\orchids-projects\yellow-ferret\node_modules\@babel\parser\src\parse-error.ts:95:45)]
    [at TypeScriptParserMixin.raise (C:\Users\serge\orchids-projects\yellow-ferret\node_modules\@babel\parser\src\tokenizer\index.ts:1507:19)]
    [at TypeScriptParserMixin.jsxParseElementAt (C:\Users\serge\orchids-projects\yellow-ferret\node_modules\@babel\parser\src\plugins\jsx\index.ts:543:20)]
    [at TypeScriptParserMixin.jsxParseElement (C:\Users\serge\orchids-projects\yellow-ferret\node_modules\@babel\parser\src\plugins\jsx\index.ts:559:19)]
    [at TypeScriptParserMixin.parseExprAtom (C:\Users\serge\orchids-projects\yellow-ferret\node_modules\@babel\parser\src\plugins\jsx\index.ts:573:21)]
    [at TypeScriptParserMixin.parseExprSubscripts (C:\Users\serge\orchids-projects\yellow-ferret\node_modules\@babel\parser\src\parser\expression.ts:742:23)]
    [at TypeScriptParserMixin.parseUpdate (C:\Users\serge\orchids-projects\yellow-ferret\node_modules\@babel\parser\src\parser\expression.ts:721:21)]
    [at TypeScriptParserMixin.parseMaybeUnary (C:\Users\serge\orchids-projects\yellow-ferret\node_modules\@babel\parser\src\parser\expression.ts:683:23)]
    [at TypeScriptParserMixin.parseMaybeUnary (C:\Users\serge\orchids-projects\yellow-ferret\node_modules\@babel\parser\src\plugins\typescript\index.ts:3876:20)]
    [at TypeScriptParserMixin.parseMaybeUnaryOrPrivate (C:\Users\serge\orchids-projects\yellow-ferret\node_modules\@babel\parser\src\parser\expression.ts:417:14)]

Import traces:
  Client Component Browser:
    ./orchids-projects/yellow-ferret/src/components/sections/CasesGame.tsx [Client Component Browser]
    ./orchids-projects/yellow-ferret/src/app/cases/page.tsx [Client Component Browser]
    ./orchids-projects/yellow-ferr...
2026-02-16T14:55:05.246Z [console][error] ./orchids-projects/yellow-ferret/src/components/sections/CasesGame.tsx
Error evaluating Node.js code
SyntaxError: Adjacent JSX elements must be wrapped in an enclosing tag. Did you want a JSX fragment <>...</>? (513:8)
    [at toParseError (C:\Users\serge\orchids-projects\yellow-ferret\node_modules\@babel\parser\src\parse-error.ts:95:45)]
    [at TypeScriptParserMixin.raise (C:\Users\serge\orchids-projects\yellow-ferret\node_modules\@babel\parser\src\tokenizer\index.ts:1507:19)]
    [at TypeScriptParserMixin.jsxParseElementAt (C:\Users\serge\orchids-projects\yellow-ferret\node_modules\@babel\parser\src\plugins\jsx\index.ts:543:20)]
    [at TypeScriptParserMixin.jsxParseElement (C:\Users\serge\orchids-projects\yellow-ferret\node_modules\@babel\parser\src\plugins\jsx\index.ts:559:19)]
    [at TypeScriptParserMixin.parseExprAtom (C:\Users\serge\orchids-projects\yellow-ferret\node_modules\@babel\parser\src\plugins\jsx\index.ts:573:21)]
    [at TypeScriptParserMixin.parseExprSubscripts (C:\Users\serge\orchids-projects\yellow-ferret\node_modules\@babel\parser\src\parser\expression.ts:742:23)]
    [at TypeScriptParserMixin.parseUpdate (C:\Users\serge\orchids-projects\yellow-ferret\node_modules\@babel\parser\src\parser\expression.ts:721:21)]
    [at TypeScriptParserMixin.parseMaybeUnary (C:\Users\serge\orchids-projects\yellow-ferret\node_modules\@babel\parser\src\parser\expression.ts:683:23)]
    [at TypeScriptParserMixin.parseMaybeUnary (C:\Users\serge\orchids-projects\yellow-ferret\node_modules\@babel\parser\src\plugins\typescript\index.ts:3876:20)]
    [at TypeScriptParserMixin.parseMaybeUnaryOrPrivate (C:\Users\serge\orchids-projects\yellow-ferret\node_modules\@babel\parser\src\parser\expression.ts:417:14)]

Import traces:
  Client Component Browser:
    ./orchids-projects/yellow-ferret/src/components/sections/CasesGame.tsx [Client Component Browser]
    ./orchids-projects/yellow-ferret/src/app/cases/page.tsx [Client Component Browser]
    ./orchids-projects/yellow-ferr...
2026-02-16T14:55:05.384Z [console][error] ./orchids-projects/yellow-ferret/src/components/sections/CasesGame.tsx
Error evaluating Node.js code
SyntaxError: Adjacent JSX elements must be wrapped in an enclosing tag. Did you want a JSX fragment <>...</>? (513:8)
    [at toParseError (C:\Users\serge\orchids-projects\yellow-ferret\node_modules\@babel\parser\src\parse-error.ts:95:45)]
    [at TypeScriptParserMixin.raise (C:\Users\serge\orchids-projects\yellow-ferret\node_modules\@babel\parser\src\tokenizer\index.ts:1507:19)]
    [at TypeScriptParserMixin.jsxParseElementAt (C:\Users\serge\orchids-projects\yellow-ferret\node_modules\@babel\parser\src\plugins\jsx\index.ts:543:20)]
    [at TypeScriptParserMixin.jsxParseElement (C:\Users\serge\orchids-projects\yellow-ferret\node_modules\@babel\parser\src\plugins\jsx\index.ts:559:19)]
    [at TypeScriptParserMixin.parseExprAtom (C:\Users\serge\orchids-projects\yellow-ferret\node_modules\@babel\parser\src\plugins\jsx\index.ts:573:21)]
    [at TypeScriptParserMixin.parseExprSubscripts (C:\Users\serge\orchids-projects\yellow-ferret\node_modules\@babel\parser\src\parser\expression.ts:742:23)]
    [at TypeScriptParserMixin.parseUpdate (C:\Users\serge\orchids-projects\yellow-ferret\node_modules\@babel\parser\src\parser\expression.ts:721:21)]
    [at TypeScriptParserMixin.parseMaybeUnary (C:\Users\serge\orchids-projects\yellow-ferret\node_modules\@babel\parser\src\parser\expression.ts:683:23)]
    [at TypeScriptParserMixin.parseMaybeUnary (C:\Users\serge\orchids-projects\yellow-ferret\node_modules\@babel\parser\src\plugins\typescript\index.ts:3876:20)]
    [at TypeScriptParserMixin.parseMaybeUnaryOrPrivate (C:\Users\serge\orchids-projects\yellow-ferret\node_modules\@babel\parser\src\parser\expression.ts:417:14)]

Import traces:
  Client Component Browser:
    ./orchids-projects/yellow-ferret/src/components/sections/CasesGame.tsx [Client Component Browser]
    ./orchids-projects/yellow-ferret/src/app/cases/page.tsx [Client Component Browser]
    ./orchids-projects/yellow-ferr...
2026-02-16T14:55:05.487Z [console][error] ./orchids-projects/yellow-ferret/src/components/sections/CasesGame.tsx
Error evaluating Node.js code
SyntaxError: Adjacent JSX elements must be wrapped in an enclosing tag. Did you want a JSX fragment <>...</>? (513:8)
    [at toParseError (C:\Users\serge\orchids-projects\yellow-ferret\node_modules\@babel\parser\src\parse-error.ts:95:45)]
    [at TypeScriptParserMixin.raise (C:\Users\serge\orchids-projects\yellow-ferret\node_modules\@babel\parser\src\tokenizer\index.ts:1507:19)]
    [at TypeScriptParserMixin.jsxParseElementAt (C:\Users\serge\orchids-projects\yellow-ferret\node_modules\@babel\parser\src\plugins\jsx\index.ts:543:20)]
    [at TypeScriptParserMixin.jsxParseElement (C:\Users\serge\orchids-projects\yellow-ferret\node_modules\@babel\parser\src\plugins\jsx\index.ts:559:19)]
    [at TypeScriptParserMixin.parseExprAtom (C:\Users\serge\orchids-projects\yellow-ferret\node_modules\@babel\parser\src\plugins\jsx\index.ts:573:21)]
    [at TypeScriptParserMixin.parseExprSubscripts (C:\Users\serge\orchids-projects\yellow-ferret\node_modules\@babel\parser\src\parser\expression.ts:742:23)]
    [at TypeScriptParserMixin.parseUpdate (C:\Users\serge\orchids-projects\yellow-ferret\node_modules\@babel\parser\src\parser\expression.ts:721:21)]
    [at TypeScriptParserMixin.parseMaybeUnary (C:\Users\serge\orchids-projects\yellow-ferret\node_modules\@babel\parser\src\parser\expression.ts:683:23)]
    [at TypeScriptParserMixin.parseMaybeUnary (C:\Users\serge\orchids-projects\yellow-ferret\node_modules\@babel\parser\src\plugins\typescript\index.ts:3876:20)]
    [at TypeScriptParserMixin.parseMaybeUnaryOrPrivate (C:\Users\serge\orchids-projects\yellow-ferret\node_modules\@babel\parser\src\parser\expression.ts:417:14)]

Import traces:
  Client Component Browser:
    ./orchids-projects/yellow-ferret/src/components/sections/CasesGame.tsx [Client Component Browser]
    ./orchids-projects/yellow-ferret/src/app/cases/page.tsx [Client Component Browser]
    ./orchids-projects/yellow-ferr...
2026-02-16T14:55:05.566Z [console][error] ./orchids-projects/yellow-ferret/src/components/sections/CasesGame.tsx
Error evaluating Node.js code
SyntaxError: Adjacent JSX elements must be wrapped in an enclosing tag. Did you want a JSX fragment <>...</>? (513:8)
    [at toParseError (C:\Users\serge\orchids-projects\yellow-ferret\node_modules\@babel\parser\src\parse-error.ts:95:45)]
    [at TypeScriptParserMixin.raise (C:\Users\serge\orchids-projects\yellow-ferret\node_modules\@babel\parser\src\tokenizer\index.ts:1507:19)]
    [at TypeScriptParserMixin.jsxParseElementAt (C:\Users\serge\orchids-projects\yellow-ferret\node_modules\@babel\parser\src\plugins\jsx\index.ts:543:20)]
    [at TypeScriptParserMixin.jsxParseElement (C:\Users\serge\orchids-projects\yellow-ferret\node_modules\@babel\parser\src\plugins\jsx\index.ts:559:19)]
    [at TypeScriptParserMixin.parseExprAtom (C:\Users\serge\orchids-projects\yellow-ferret\node_modules\@babel\parser\src\plugins\jsx\index.ts:573:21)]
    [at TypeScriptParserMixin.parseExprSubscripts (C:\Users\serge\orchids-projects\yellow-ferret\node_modules\@babel\parser\src\parser\expression.ts:742:23)]
    [at TypeScriptParserMixin.parseUpdate (C:\Users\serge\orchids-projects\yellow-ferret\node_modules\@babel\parser\src\parser\expression.ts:721:21)]
    [at TypeScriptParserMixin.parseMaybeUnary (C:\Users\serge\orchids-projects\yellow-ferret\node_modules\@babel\parser\src\parser\expression.ts:683:23)]
    [at TypeScriptParserMixin.parseMaybeUnary (C:\Users\serge\orchids-projects\yellow-ferret\node_modules\@babel\parser\src\plugins\typescript\index.ts:3876:20)]
    [at TypeScriptParserMixin.parseMaybeUnaryOrPrivate (C:\Users\serge\orchids-projects\yellow-ferret\node_modules\@babel\parser\src\parser\expression.ts:417:14)]

Import traces:
  Client Component Browser:
    ./orchids-projects/yellow-ferret/src/components/sections/CasesGame.tsx [Client Component Browser]
    ./orchids-projects/yellow-ferret/src/app/cases/page.tsx [Client Component Browser]
    ./orchids-projects/yellow-ferr...
2026-02-16T14:55:05.689Z [console][error] ./orchids-projects/yellow-ferret/src/components/sections/CasesGame.tsx
Error evaluating Node.js code
SyntaxError: Adjacent JSX elements must be wrapped in an enclosing tag. Did you want a JSX fragment <>...</>? (513:8)
    [at toParseError (C:\Users\serge\orchids-projects\yellow-ferret\node_modules\@babel\parser\src\parse-error.ts:95:45)]
    [at TypeScriptParserMixin.raise (C:\Users\serge\orchids-projects\yellow-ferret\node_modules\@babel\parser\src\tokenizer\index.ts:1507:19)]
    [at TypeScriptParserMixin.jsxParseElementAt (C:\Users\serge\orchids-projects\yellow-ferret\node_modules\@babel\parser\src\plugins\jsx\index.ts:543:20)]
    [at TypeScriptParserMixin.jsxParseElement (C:\Users\serge\orchids-projects\yellow-ferret\node_modules\@babel\parser\src\plugins\jsx\index.ts:559:19)]
    [at TypeScriptParserMixin.parseExprAtom (C:\Users\serge\orchids-projects\yellow-ferret\node_modules\@babel\parser\src\plugins\jsx\index.ts:573:21)]
    [at TypeScriptParserMixin.parseExprSubscripts (C:\Users\serge\orchids-projects\yellow-ferret\node_modules\@babel\parser\src\parser\expression.ts:742:23)]
    [at TypeScriptParserMixin.parseUpdate (C:\Users\serge\orchids-projects\yellow-ferret\node_modules\@babel\parser\src\parser\expression.ts:721:21)]
    [at TypeScriptParserMixin.parseMaybeUnary (C:\Users\serge\orchids-projects\yellow-ferret\node_modules\@babel\parser\src\parser\expression.ts:683:23)]
    [at TypeScriptParserMixin.parseMaybeUnary (C:\Users\serge\orchids-projects\yellow-ferret\node_modules\@babel\parser\src\plugins\typescript\index.ts:3876:20)]
    [at TypeScriptParserMixin.parseMaybeUnaryOrPrivate (C:\Users\serge\orchids-projects\yellow-ferret\node_modules\@babel\parser\src\parser\expression.ts:417:14)]

Import traces:
  Client Component Browser:
    ./orchids-projects/yellow-ferret/src/components/sections/CasesGame.tsx [Client Component Browser]
    ./orchids-projects/yellow-ferret/src/app/cases/page.tsx [Client Component Browser]
    ./orchids-projects/yellow-ferr...
2026-02-16T14:55:04.385Z [console][error] ./orchids-projects/yellow-ferret/src/components/sections/CasesGame.tsx
Error evaluating Node.js code
SyntaxError: Adjacent JSX elements must be wrapped in an enclosing tag. Did you want a JSX fragment <>...</>? (513:8)
    [at toParseError (C:\Users\serge\orchids-projects\yellow-ferret\node_modules\@babel\parser\src\parse-error.ts:95:45)]
    [at TypeScriptParserMixin.raise (C:\Users\serge\orchids-projects\yellow-ferret\node_modules\@babel\parser\src\tokenizer\index.ts:1507:19)]
    [at TypeScriptParserMixin.jsxParseElementAt (C:\Users\serge\orchids-projects\yellow-ferret\node_modules\@babel\parser\src\plugins\jsx\index.ts:543:20)]
    [at TypeScriptParserMixin.jsxParseElement (C:\Users\serge\orchids-projects\yellow-ferret\node_modules\@babel\parser\src\plugins\jsx\index.ts:559:19)]
    [at TypeScriptParserMixin.parseExprAtom (C:\Users\serge\orchids-projects\yellow-ferret\node_modules\@babel\parser\src\plugins\jsx\index.ts:573:21)]
    [at TypeScriptParserMixin.parseExprSubscripts (C:\Users\serge\orchids-projects\yellow-ferret\node_modules\@babel\parser\src\parser\expression.ts:742:23)]
    [at TypeScriptParserMixin.parseUpdate (C:\Users\serge\orchids-projects\yellow-ferret\node_modules\@babel\parser\src\parser\expression.ts:721:21)]
    [at TypeScriptParserMixin.parseMaybeUnary (C:\Users\serge\orchids-projects\yellow-ferret\node_modules\@babel\parser\src\parser\expression.ts:683:23)]
    [at TypeScriptParserMixin.parseMaybeUnary (C:\Users\serge\orchids-projects\yellow-ferret\node_modules\@babel\parser\src\plugins\typescript\index.ts:3876:20)]
    [at TypeScriptParserMixin.parseMaybeUnaryOrPrivate (C:\Users\serge\orchids-projects\yellow-ferret\node_modules\@babel\parser\src\parser\expression.ts:417:14)]

Import traces:
  Client Component Browser:
    ./orchids-projects/yellow-ferret/src/components/sections/CasesGame.tsx [Client Component Browser]
    ./orchids-projects/yellow-ferret/src/app/cases/page.tsx [Client Component Browser]
    ./orchids-projects/yellow-ferr...
2026-02-16T14:55:04.435Z [console][error] ./orchids-projects/yellow-ferret/src/components/sections/CasesGame.tsx
Error evaluating Node.js code
SyntaxError: Adjacent JSX elements must be wrapped in an enclosing tag. Did you want a JSX fragment <>...</>? (513:8)
    [at toParseError (C:\Users\serge\orchids-projects\yellow-ferret\node_modules\@babel\parser\src\parse-error.ts:95:45)]
    [at TypeScriptParserMixin.raise (C:\Users\serge\orchids-projects\yellow-ferret\node_modules\@babel\parser\src\tokenizer\index.ts:1507:19)]
    [at TypeScriptParserMixin.jsxParseElementAt (C:\Users\serge\orchids-projects\yellow-ferret\node_modules\@babel\parser\src\plugins\jsx\index.ts:543:20)]
    [at TypeScriptParserMixin.jsxParseElement (C:\Users\serge\orchids-projects\yellow-ferret\node_modules\@babel\parser\src\plugins\jsx\index.ts:559:19)]
    [at TypeScriptParserMixin.parseExprAtom (C:\Users\serge\orchids-projects\yellow-ferret\node_modules\@babel\parser\src\plugins\jsx\index.ts:573:21)]
    [at TypeScriptParserMixin.parseExprSubscripts (C:\Users\serge\orchids-projects\yellow-ferret\node_modules\@babel\parser\src\parser\expression.ts:742:23)]
    [at TypeScriptParserMixin.parseUpdate (C:\Users\serge\orchids-projects\yellow-ferret\node_modules\@babel\parser\src\parser\expression.ts:721:21)]
    [at TypeScriptParserMixin.parseMaybeUnary (C:\Users\serge\orchids-projects\yellow-ferret\node_modules\@babel\parser\src\parser\expression.ts:683:23)]
    [at TypeScriptParserMixin.parseMaybeUnary (C:\Users\serge\orchids-projects\yellow-ferret\node_modules\@babel\parser\src\plugins\typescript\index.ts:3876:20)]
    [at TypeScriptParserMixin.parseMaybeUnaryOrPrivate (C:\Users\serge\orchids-projects\yellow-ferret\node_modules\@babel\parser\src\parser\expression.ts:417:14)]

Import traces:
  Client Component Browser:
    ./orchids-projects/yellow-ferret/src/components/sections/CasesGame.tsx [Client Component Browser]
    ./orchids-projects/yellow-ferret/src/app/cases/page.tsx [Client Component Browser]
    ./orchids-projects/yellow-ferr...
2026-02-16T14:55:04.494Z [console][error] ./orchids-projects/yellow-ferret/src/components/sections/CasesGame.tsx
Error evaluating Node.js code
SyntaxError: Adjacent JSX elements must be wrapped in an enclosing tag. Did you want a JSX fragment <>...</>? (513:8)
    [at toParseError (C:\Users\serge\orchids-projects\yellow-ferret\node_modules\@babel\parser\src\parse-error.ts:95:45)]
    [at TypeScriptParserMixin.raise (C:\Users\serge\orchids-projects\yellow-ferret\node_modules\@babel\parser\src\tokenizer\index.ts:1507:19)]
    [at TypeScriptParserMixin.jsxParseElementAt (C:\Users\serge\orchids-projects\yellow-ferret\node_modules\@babel\parser\src\plugins\jsx\index.ts:543:20)]
    [at TypeScriptParserMixin.jsxParseElement (C:\Users\serge\orchids-projects\yellow-ferret\node_modules\@babel\parser\src\plugins\jsx\index.ts:559:19)]
    [at TypeScriptParserMixin.parseExprAtom (C:\Users\serge\orchids-projects\yellow-ferret\node_modules\@babel\parser\src\plugins\jsx\index.ts:573:21)]
    [at TypeScriptParserMixin.parseExprSubscripts (C:\Users\serge\orchids-projects\yellow-ferret\node_modules\@babel\parser\src\parser\expression.ts:742:23)]
    [at TypeScriptParserMixin.parseUpdate (C:\Users\serge\orchids-projects\yellow-ferret\node_modules\@babel\parser\src\parser\expression.ts:721:21)]
    [at TypeScriptParserMixin.parseMaybeUnary (C:\Users\serge\orchids-projects\yellow-ferret\node_modules\@babel\parser\src\parser\expression.ts:683:23)]
    [at TypeScriptParserMixin.parseMaybeUnary (C:\Users\serge\orchids-projects\yellow-ferret\node_modules\@babel\parser\src\plugins\typescript\index.ts:3876:20)]
    [at TypeScriptParserMixin.parseMaybeUnaryOrPrivate (C:\Users\serge\orchids-projects\yellow-ferret\node_modules\@babel\parser\src\parser\expression.ts:417:14)]

Import traces:
  Client Component Browser:
    ./orchids-projects/yellow-ferret/src/components/sections/CasesGame.tsx [Client Component Browser]
    ./orchids-projects/yellow-ferret/src/app/cases/page.tsx [Client Component Browser]
    ./orchids-projects/yellow-ferr...
2026-02-16T14:55:04.561Z [console][error] ./orchids-projects/yellow-ferret/src/components/sections/CasesGame.tsx
Error evaluating Node.js code
SyntaxError: Adjacent JSX elements must be wrapped in an enclosing tag. Did you want a JSX fragment <>...</>? (513:8)
    [at toParseError (C:\Users\serge\orchids-projects\yellow-ferret\node_modules\@babel\parser\src\parse-error.ts:95:45)]
    [at TypeScriptParserMixin.raise (C:\Users\serge\orchids-projects\yellow-ferret\node_modules\@babel\parser\src\tokenizer\index.ts:1507:19)]
    [at TypeScriptParserMixin.jsxParseElementAt (C:\Users\serge\orchids-projects\yellow-ferret\node_modules\@babel\parser\src\plugins\jsx\index.ts:543:20)]
    [at TypeScriptParserMixin.jsxParseElement (C:\Users\serge\orchids-projects\yellow-ferret\node_modules\@babel\parser\src\plugins\jsx\index.ts:559:19)]
    [at TypeScriptParserMixin.parseExprAtom (C:\Users\serge\orchids-projects\yellow-ferret\node_modules\@babel\parser\src\plugins\jsx\index.ts:573:21)]
    [at TypeScriptParserMixin.parseExprSubscripts (C:\Users\serge\orchids-projects\yellow-ferret\node_modules\@babel\parser\src\parser\expression.ts:742:23)]
    [at TypeScriptParserMixin.parseUpdate (C:\Users\serge\orchids-projects\yellow-ferret\node_modules\@babel\parser\src\parser\expression.ts:721:21)]
    [at TypeScriptParserMixin.parseMaybeUnary (C:\Users\serge\orchids-projects\yellow-ferret\node_modules\@babel\parser\src\parser\expression.ts:683:23)]
    [at TypeScriptParserMixin.parseMaybeUnary (C:\Users\serge\orchids-projects\yellow-ferret\node_modules\@babel\parser\src\plugins\typescript\index.ts:3876:20)]
    [at TypeScriptParserMixin.parseMaybeUnaryOrPrivate (C:\Users\serge\orchids-projects\yellow-ferret\node_modules\@babel\parser\src\parser\expression.ts:417:14)]

Import traces:
  Client Component Browser:
    ./orchids-projects/yellow-ferret/src/components/sections/CasesGame.tsx [Client Component Browser]
    ./orchids-projects/yellow-ferret/src/app/cases/page.tsx [Client Component Browser]
    ./orchids-projects/yellow-ferr...
2026-02-16T14:55:05.130Z [console][error] ./orchids-projects/yellow-ferret/src/components/sections/CasesGame.tsx
Error evaluating Node.js code
SyntaxError: Adjacent JSX elements must be wrapped in an enclosing tag. Did you want a JSX fragment <>...</>? (513:8)
    [at toParseError (C:\Users\serge\orchids-projects\yellow-ferret\node_modules\@babel\parser\src\parse-error.ts:95:45)]
    [at TypeScriptParserMixin.raise (C:\Users\serge\orchids-projects\yellow-ferret\node_modules\@babel\parser\src\tokenizer\index.ts:1507:19)]
    [at TypeScriptParserMixin.jsxParseElementAt (C:\Users\serge\orchids-projects\yellow-ferret\node_modules\@babel\parser\src\plugins\jsx\index.ts:543:20)]
    [at TypeScriptParserMixin.jsxParseElement (C:\Users\serge\orchids-projects\yellow-ferret\node_modules\@babel\parser\src\plugins\jsx\index.ts:559:19)]
    [at TypeScriptParserMixin.parseExprAtom (C:\Users\serge\orchids-projects\yellow-ferret\node_modules\@babel\parser\src\plugins\jsx\index.ts:573:21)]
    [at TypeScriptParserMixin.parseExprSubscripts (C:\Users\serge\orchids-projects\yellow-ferret\node_modules\@babel\parser\src\parser\expression.ts:742:23)]
    [at TypeScriptParserMixin.parseUpdate (C:\Users\serge\orchids-projects\yellow-ferret\node_modules\@babel\parser\src\parser\expression.ts:721:21)]
    [at TypeScriptParserMixin.parseMaybeUnary (C:\Users\serge\orchids-projects\yellow-ferret\node_modules\@babel\parser\src\parser\expression.ts:683:23)]
    [at TypeScriptParserMixin.parseMaybeUnary (C:\Users\serge\orchids-projects\yellow-ferret\node_modules\@babel\parser\src\plugins\typescript\index.ts:3876:20)]
    [at TypeScriptParserMixin.parseMaybeUnaryOrPrivate (C:\Users\serge\orchids-projects\yellow-ferret\node_modules\@babel\parser\src\parser\expression.ts:417:14)]

Import traces:
  Client Component Browser:
    ./orchids-projects/yellow-ferret/src/components/sections/CasesGame.tsx [Client Component Browser]
    ./orchids-projects/yellow-ferret/src/app/cases/page.tsx [Client Component Browser]
    ./orchids-projects/yellow-ferr...
2026-02-16T14:55:05.246Z [console][error] ./orchids-projects/yellow-ferret/src/components/sections/CasesGame.tsx
Error evaluating Node.js code
SyntaxError: Adjacent JSX elements must be wrapped in an enclosing tag. Did you want a JSX fragment <>...</>? (513:8)
    [at toParseError (C:\Users\serge\orchids-projects\yellow-ferret\node_modules\@babel\parser\src\parse-error.ts:95:45)]
    [at TypeScriptParserMixin.raise (C:\Users\serge\orchids-projects\yellow-ferret\node_modules\@babel\parser\src\tokenizer\index.ts:1507:19)]
    [at TypeScriptParserMixin.jsxParseElementAt (C:\Users\serge\orchids-projects\yellow-ferret\node_modules\@babel\parser\src\plugins\jsx\index.ts:543:20)]
    [at TypeScriptParserMixin.jsxParseElement (C:\Users\serge\orchids-projects\yellow-ferret\node_modules\@babel\parser\src\plugins\jsx\index.ts:559:19)]
    [at TypeScriptParserMixin.parseExprAtom (C:\Users\serge\orchids-projects\yellow-ferret\node_modules\@babel\parser\src\plugins\jsx\index.ts:573:21)]
    [at TypeScriptParserMixin.parseExprSubscripts (C:\Users\serge\orchids-projects\yellow-ferret\node_modules\@babel\parser\src\parser\expression.ts:742:23)]
    [at TypeScriptParserMixin.parseUpdate (C:\Users\serge\orchids-projects\yellow-ferret\node_modules\@babel\parser\src\parser\expression.ts:721:21)]
    [at TypeScriptParserMixin.parseMaybeUnary (C:\Users\serge\orchids-projects\yellow-ferret\node_modules\@babel\parser\src\parser\expression.ts:683:23)]
    [at TypeScriptParserMixin.parseMaybeUnary (C:\Users\serge\orchids-projects\yellow-ferret\node_modules\@babel\parser\src\plugins\typescript\index.ts:3876:20)]
    [at TypeScriptParserMixin.parseMaybeUnaryOrPrivate (C:\Users\serge\orchids-projects\yellow-ferret\node_modules\@babel\parser\src\parser\expression.ts:417:14)]

Import traces:
  Client Component Browser:
    ./orchids-projects/yellow-ferret/src/components/sections/CasesGame.tsx [Client Component Browser]
    ./orchids-projects/yellow-ferret/src/app/cases/page.tsx [Client Component Browser]
    ./orchids-projects/yellow-ferr...
2026-02-16T14:55:05.384Z [console][error] ./orchids-projects/yellow-ferret/src/components/sections/CasesGame.tsx
Error evaluating Node.js code
SyntaxError: Adjacent JSX elements must be wrapped in an enclosing tag. Did you want a JSX fragment <>...</>? (513:8)
    [at toParseError (C:\Users\serge\orchids-projects\yellow-ferret\node_modules\@babel\parser\src\parse-error.ts:95:45)]
    [at TypeScriptParserMixin.raise (C:\Users\serge\orchids-projects\yellow-ferret\node_modules\@babel\parser\src\tokenizer\index.ts:1507:19)]
    [at TypeScriptParserMixin.jsxParseElementAt (C:\Users\serge\orchids-projects\yellow-ferret\node_modules\@babel\parser\src\plugins\jsx\index.ts:543:20)]
    [at TypeScriptParserMixin.jsxParseElement (C:\Users\serge\orchids-projects\yellow-ferret\node_modules\@babel\parser\src\plugins\jsx\index.ts:559:19)]
    [at TypeScriptParserMixin.parseExprAtom (C:\Users\serge\orchids-projects\yellow-ferret\node_modules\@babel\parser\src\plugins\jsx\index.ts:573:21)]
    [at TypeScriptParserMixin.parseExprSubscripts (C:\Users\serge\orchids-projects\yellow-ferret\node_modules\@babel\parser\src\parser\expression.ts:742:23)]
    [at TypeScriptParserMixin.parseUpdate (C:\Users\serge\orchids-projects\yellow-ferret\node_modules\@babel\parser\src\parser\expression.ts:721:21)]
    [at TypeScriptParserMixin.parseMaybeUnary (C:\Users\serge\orchids-projects\yellow-ferret\node_modules\@babel\parser\src\parser\expression.ts:683:23)]
    [at TypeScriptParserMixin.parseMaybeUnary (C:\Users\serge\orchids-projects\yellow-ferret\node_modules\@babel\parser\src\plugins\typescript\index.ts:3876:20)]
    [at TypeScriptParserMixin.parseMaybeUnaryOrPrivate (C:\Users\serge\orchids-projects\yellow-ferret\node_modules\@babel\parser\src\parser\expression.ts:417:14)]

Import traces:
  Client Component Browser:
    ./orchids-projects/yellow-ferret/src/components/sections/CasesGame.tsx [Client Component Browser]
    ./orchids-projects/yellow-ferret/src/app/cases/page.tsx [Client Component Browser]
    ./orchids-projects/yellow-ferr...
2026-02-16T14:55:05.487Z [console][error] ./orchids-projects/yellow-ferret/src/components/sections/CasesGame.tsx
Error evaluating Node.js code
SyntaxError: Adjacent JSX elements must be wrapped in an enclosing tag. Did you want a JSX fragment <>...</>? (513:8)
    [at toParseError (C:\Users\serge\orchids-projects\yellow-ferret\node_modules\@babel\parser\src\parse-error.ts:95:45)]
    [at TypeScriptParserMixin.raise (C:\Users\serge\orchids-projects\yellow-ferret\node_modules\@babel\parser\src\tokenizer\index.ts:1507:19)]
    [at TypeScriptParserMixin.jsxParseElementAt (C:\Users\serge\orchids-projects\yellow-ferret\node_modules\@babel\parser\src\plugins\jsx\index.ts:543:20)]
    [at TypeScriptParserMixin.jsxParseElement (C:\Users\serge\orchids-projects\yellow-ferret\node_modules\@babel\parser\src\plugins\jsx\index.ts:559:19)]
    [at TypeScriptParserMixin.parseExprAtom (C:\Users\serge\orchids-projects\yellow-ferret\node_modules\@babel\parser\src\plugins\jsx\index.ts:573:21)]
    [at TypeScriptParserMixin.parseExprSubscripts (C:\Users\serge\orchids-projects\yellow-ferret\node_modules\@babel\parser\src\parser\expression.ts:742:23)]
    [at TypeScriptParserMixin.parseUpdate (C:\Users\serge\orchids-projects\yellow-ferret\node_modules\@babel\parser\src\parser\expression.ts:721:21)]
    [at TypeScriptParserMixin.parseMaybeUnary (C:\Users\serge\orchids-projects\yellow-ferret\node_modules\@babel\parser\src\parser\expression.ts:683:23)]
    [at TypeScriptParserMixin.parseMaybeUnary (C:\Users\serge\orchids-projects\yellow-ferret\node_modules\@babel\parser\src\plugins\typescript\index.ts:3876:20)]
    [at TypeScriptParserMixin.parseMaybeUnaryOrPrivate (C:\Users\serge\orchids-projects\yellow-ferret\node_modules\@babel\parser\src\parser\expression.ts:417:14)]

Import traces:
  Client Component Browser:
    ./orchids-projects/yellow-ferret/src/components/sections/CasesGame.tsx [Client Component Browser]
    ./orchids-projects/yellow-ferret/src/app/cases/page.tsx [Client Component Browser]
    ./orchids-projects/yellow-ferr...
2026-02-16T14:55:05.566Z [console][error] ./orchids-projects/yellow-ferret/src/components/sections/CasesGame.tsx
Error evaluating Node.js code
SyntaxError: Adjacent JSX elements must be wrapped in an enclosing tag. Did you want a JSX fragment <>...</>? (513:8)
    [at toParseError (C:\Users\serge\orchids-projects\yellow-ferret\node_modules\@babel\parser\src\parse-error.ts:95:45)]
    [at TypeScriptParserMixin.raise (C:\Users\serge\orchids-projects\yellow-ferret\node_modules\@babel\parser\src\tokenizer\index.ts:1507:19)]
    [at TypeScriptParserMixin.jsxParseElementAt (C:\Users\serge\orchids-projects\yellow-ferret\node_modules\@babel\parser\src\plugins\jsx\index.ts:543:20)]
    [at TypeScriptParserMixin.jsxParseElement (C:\Users\serge\orchids-projects\yellow-ferret\node_modules\@babel\parser\src\plugins\jsx\index.ts:559:19)]
    [at TypeScriptParserMixin.parseExprAtom (C:\Users\serge\orchids-projects\yellow-ferret\node_modules\@babel\parser\src\plugins\jsx\index.ts:573:21)]
    [at TypeScriptParserMixin.parseExprSubscripts (C:\Users\serge\orchids-projects\yellow-ferret\node_modules\@babel\parser\src\parser\expression.ts:742:23)]
    [at TypeScriptParserMixin.parseUpdate (C:\Users\serge\orchids-projects\yellow-ferret\node_modules\@babel\parser\src\parser\expression.ts:721:21)]
    [at TypeScriptParserMixin.parseMaybeUnary (C:\Users\serge\orchids-projects\yellow-ferret\node_modules\@babel\parser\src\parser\expression.ts:683:23)]
    [at TypeScriptParserMixin.parseMaybeUnary (C:\Users\serge\orchids-projects\yellow-ferret\node_modules\@babel\parser\src\plugins\typescript\index.ts:3876:20)]
    [at TypeScriptParserMixin.parseMaybeUnaryOrPrivate (C:\Users\serge\orchids-projects\yellow-ferret\node_modules\@babel\parser\src\parser\expression.ts:417:14)]

Import traces:
  Client Component Browser:
    ./orchids-projects/yellow-ferret/src/components/sections/CasesGame.tsx [Client Component Browser]
    ./orchids-projects/yellow-ferret/src/app/cases/page.tsx [Client Component Browser]
    ./orchids-projects/yellow-ferr...
2026-02-16T14:55:05.689Z [console][error] ./orchids-projects/yellow-ferret/src/components/sections/CasesGame.tsx
Error evaluating Node.js code
SyntaxError: Adjacent JSX elements must be wrapped in an enclosing tag. Did you want a JSX fragment <>...</>? (513:8)
    [at toParseError (C:\Users\serge\orchids-projects\yellow-ferret\node_modules\@babel\parser\src\parse-error.ts:95:45)]
    [at TypeScriptParserMixin.raise (C:\Users\serge\orchids-projects\yellow-ferret\node_modules\@babel\parser\src\tokenizer\index.ts:1507:19)]
    [at TypeScriptParserMixin.jsxParseElementAt (C:\Users\serge\orchids-projects\yellow-ferret\node_modules\@babel\parser\src\plugins\jsx\index.ts:543:20)]
    [at TypeScriptParserMixin.jsxParseElement (C:\Users\serge\orchids-projects\yellow-ferret\node_modules\@babel\parser\src\plugins\jsx\index.ts:559:19)]
    [at TypeScriptParserMixin.parseExprAtom (C:\Users\serge\orchids-projects\yellow-ferret\node_modules\@babel\parser\src\plugins\jsx\index.ts:573:21)]
    [at TypeScriptParserMixin.parseExprSubscripts (C:\Users\serge\orchids-projects\yellow-ferret\node_modules\@babel\parser\src\parser\expression.ts:742:23)]
    [at TypeScriptParserMixin.parseUpdate (C:\Users\serge\orchids-projects\yellow-ferret\node_modules\@babel\parser\src\parser\expression.ts:721:21)]
    [at TypeScriptParserMixin.parseMaybeUnary (C:\Users\serge\orchids-projects\yellow-ferret\node_modules\@babel\parser\src\parser\expression.ts:683:23)]
    [at TypeScriptParserMixin.parseMaybeUnary (C:\Users\serge\orchids-projects\yellow-ferret\node_modules\@babel\parser\src\plugins\typescript\index.ts:3876:20)]
    [at TypeScriptParserMixin.parseMaybeUnaryOrPrivate (C:\Users\serge\orchids-projects\yellow-ferret\node_modules\@babel\parser\src\parser\expression.ts:417:14)]

Import traces:
  Client Component Browser:
    ./orchids-projects/yellow-ferret/src/components/sections/CasesGame.tsx [Client Component Browser]
    ./orchids-projects/yellow-ferret/src/app/cases/page.tsx [Client Component Browser]
    ./orchids-projects/yellow-ferr...
2026-02-16T16:32:49.744Z [console][error] Image with src "https://slelguoygbfzlpylpxfs.supabase.co/storage/v1/object/public/test-clones/e493a9e9-cb10-474b-b970-6c6f2509ebfd-rbxchance-com/assets/images/coinflipbg-20.png" has "fill" but is missing "sizes" prop. Please add it to improve page performance. Read more: https://nextjs.org/docs/api-reference/next/image#sizes
2026-02-16T16:32:49.744Z [console][error] Image with src "https://slelguoygbfzlpylpxfs.supabase.co/storage/v1/object/public/test-clones/e493a9e9-cb10-474b-b970-6c6f2509ebfd-rbxchance-com/assets/images/coinflipforeground-21.png" has "fill" but is missing "sizes" prop. Please add it to improve page performance. Read more: https://nextjs.org/docs/api-reference/next/image#sizes
2026-02-16T16:32:49.597Z [console][error] A tree hydrated but some attributes of the server rendered HTML didn't match the client properties. This won't be patched up. This can happen if a SSR-ed Client Component used:

- A server/client branch `if (typeof window !== 'undefined')`.
- Variable input such as `Date.now()` or `Math.random()` which changes each time it's called.
- Date formatting in a user's locale which doesn't match the server.
- External changing data without sending a snapshot of it along with the HTML.
- Invalid HTML tag nesting.

It can also happen if the client has a browser extension installed which messes with the HTML before React loaded.

%s%s https://react.dev/link/hydration-mismatch 

  ...
    <HotReload assetPrefix="" globalError={[...]}>
      <AppDevOverlayErrorBoundary globalError={[...]}>
        <ReplaySsrOnlyErrors>
        <DevRootHTTPAccessFallbackBoundary>
          <HTTPAccessFallbackBoundary notFound={<NotAllowedRootHTTPFallbackError>}>
            <HTTPAccessFallbackErrorBoundary pathname="/" notFound={<NotAllowedRootHTTPFallbackError>} ...>
              <RedirectBoundary>
                <RedirectErrorBoundary router={{...}}>
                  <Head>
                  <__next_root_layout_boundary__>
                    <SegmentViewNode type="layout" pagePath="/orchids-p...">
                      <SegmentTrieNode>
                      <link>
                      <script>
                      <script>
                      <RootLayout>
                        <html data-orchids-id="src\app\la..." data-orchids-name="html" lang="en">
                          <body
                            data-orchids-id="src\app\layout.tsx:19:6"
                            data-orchids-name="body"
                            className="antialiased"
-                           data-orchid-ref="ref-tbqny5pln7"
                          >
                            <FairProvider data-orchids-id="src\app\la..." data-orchids-name="FairProvider">
                              <Loadin...
2026-02-16T17:04:09.365Z [console][error] A tree hydrated but some attributes of the server rendered HTML didn't match the client properties. This won't be patched up. This can happen if a SSR-ed Client Component used:

- A server/client branch `if (typeof window !== 'undefined')`.
- Variable input such as `Date.now()` or `Math.random()` which changes each time it's called.
- Date formatting in a user's locale which doesn't match the server.
- External changing data without sending a snapshot of it along with the HTML.
- Invalid HTML tag nesting.

It can also happen if the client has a browser extension installed which messes with the HTML before React loaded.

%s%s https://react.dev/link/hydration-mismatch 

  ...
    <RenderFromTemplateContext>
      <ScrollAndFocusHandler segmentPath={[...]}>
        <InnerScrollAndFocusHandler segmentPath={[...]} focusAndScrollRef={{apply:false, ...}}>
          <ErrorBoundary errorComponent={undefined} errorStyles={undefined} errorScripts={undefined}>
            <LoadingBoundary loading={null}>
              <HTTPAccessFallbackBoundary notFound={undefined} forbidden={undefined} unauthorized={undefined}>
                <RedirectBoundary>
                  <RedirectErrorBoundary router={{...}}>
                    <InnerLayoutRouter url="/battles" tree={[...]} cacheNode={{lazyData:null, ...}} segmentPath={[...]}>
                      <SegmentViewNode type="page" pagePath="/orchids-p...">
                        <SegmentTrieNode>
                        <ClientPageRoot Component={function BattlesPage} searchParams={{}} params={{}}>
                          <BattlesPage params={Promise} searchParams={Promise}>
                            <div
                              data-orchids-id="src\app\battles\page.tsx:18:4"
                              data-orchids-name="div"
                              className="min-h-screen flex flex-col"
-                             data-orchid-ref="ref-qia0102m69"
                            >
                              <Header ...
2026-02-16T17:15:18.317Z [console][error] A tree hydrated but some attributes of the server rendered HTML didn't match the client properties. This won't be patched up. This can happen if a SSR-ed Client Component used:

- A server/client branch `if (typeof window !== 'undefined')`.
- Variable input such as `Date.now()` or `Math.random()` which changes each time it's called.
- Date formatting in a user's locale which doesn't match the server.
- External changing data without sending a snapshot of it along with the HTML.
- Invalid HTML tag nesting.

It can also happen if the client has a browser extension installed which messes with the HTML before React loaded.

%s%s https://react.dev/link/hydration-mismatch 

  ...
    <HotReload assetPrefix="" globalError={[...]}>
      <AppDevOverlayErrorBoundary globalError={[...]}>
        <ReplaySsrOnlyErrors>
        <DevRootHTTPAccessFallbackBoundary>
          <HTTPAccessFallbackBoundary notFound={<NotAllowedRootHTTPFallbackError>}>
            <HTTPAccessFallbackErrorBoundary pathname="/battles" notFound={<NotAllowedRootHTTPFallbackError>} ...>
              <RedirectBoundary>
                <RedirectErrorBoundary router={{...}}>
                  <Head headCacheNode={{lazyData:null, ...}}>
                    <__next_viewport_boundary__>
                    <MetadataTree>
                      <__next_metadata_boundary__>
                        <__next_metadata_boundary__>
                          <div
                            hidden={true}
-                           data-orchid-ref="ref-6dj5tcy3ib"
                          >
                  <__next_root_layout_boundary__>
                    <SegmentViewNode type="layout" pagePath="/orchids-p...">
                      <SegmentTrieNode>
                      <link>
                      <script>
                      <script>
                      <RootLayout>
                        <html data-orchids-id="src\app\la..." data-orchids-name="html" lang="en">
                          <body
               ...
2026-02-16T17:16:26.224Z [console][error] A tree hydrated but some attributes of the server rendered HTML didn't match the client properties. This won't be patched up. This can happen if a SSR-ed Client Component used:

- A server/client branch `if (typeof window !== 'undefined')`.
- Variable input such as `Date.now()` or `Math.random()` which changes each time it's called.
- Date formatting in a user's locale which doesn't match the server.
- External changing data without sending a snapshot of it along with the HTML.
- Invalid HTML tag nesting.

It can also happen if the client has a browser extension installed which messes with the HTML before React loaded.

%s%s https://react.dev/link/hydration-mismatch 

  ...
    <RenderFromTemplateContext>
      <ScrollAndFocusHandler segmentPath={[...]}>
        <InnerScrollAndFocusHandler segmentPath={[...]} focusAndScrollRef={{apply:false, ...}}>
          <ErrorBoundary errorComponent={undefined} errorStyles={undefined} errorScripts={undefined}>
            <LoadingBoundary loading={null}>
              <HTTPAccessFallbackBoundary notFound={undefined} forbidden={undefined} unauthorized={undefined}>
                <RedirectBoundary>
                  <RedirectErrorBoundary router={{...}}>
                    <InnerLayoutRouter url="/battles" tree={[...]} cacheNode={{lazyData:null, ...}} segmentPath={[...]}>
                      <SegmentViewNode type="page" pagePath="/orchids-p...">
                        <SegmentTrieNode>
                        <ClientPageRoot Component={function BattlesPage} searchParams={{}} params={{}}>
                          <BattlesPage params={Promise} searchParams={Promise}>
                            <div data-orchids-id="src\app\ba..." data-orchids-name="div" className="min-h-scre...">
                              <Header data-orchids-id="src\app\ba..." data-orchids-name="Navbar">
                                <div
                                  data-orchids-id="src\components\layout\Navbar.tsx:156:4"
                       ...
2026-02-16T17:22:50.773Z [console][error] Failed to fetch chat messages: TypeError: Failed to fetch
2026-02-16T17:22:50.775Z [console][error] Failed to fetch chat messages: TypeError: Failed to fetch
2026-02-16T17:22:50.827Z [console][error] Failed to fetch chat messages: TypeError: Failed to fetch
2026-02-16T17:22:51.171Z [console][error] Failed to fetch chat messages: TypeError: Failed to fetch
2026-02-16T17:22:51.172Z [console][error] Failed to fetch chat messages: TypeError: Failed to fetch
2026-02-16T17:22:51.177Z [console][error] Failed to fetch chat messages: TypeError: Failed to fetch
2026-02-16T18:06:56.435Z [console][error] Image with src "https://slelguoygbfzlpylpxfs.supabase.co/storage/v1/object/public/test-clones/e493a9e9-cb10-474b-b970-6c6f2509ebfd-rbxchance-com/assets/images/coinflipbg-20.png" has "fill" but is missing "sizes" prop. Please add it to improve page performance. Read more: https://nextjs.org/docs/api-reference/next/image#sizes
2026-02-16T18:06:56.437Z [console][error] Image with src "https://slelguoygbfzlpylpxfs.supabase.co/storage/v1/object/public/test-clones/e493a9e9-cb10-474b-b970-6c6f2509ebfd-rbxchance-com/assets/images/coinflipforeground-21.png" has "fill" but is missing "sizes" prop. Please add it to improve page performance. Read more: https://nextjs.org/docs/api-reference/next/image#sizes
2026-02-16T18:06:57.693Z [console][error] Image with src "https://slelguoygbfzlpylpxfs.supabase.co/storage/v1/object/public/test-clones/e493a9e9-cb10-474b-b970-6c6f2509ebfd-rbxchance-com/assets/images/discord-17.png" was detected as the Largest Contentful Paint (LCP). Please add the "priority" property if this image is above the fold.
Read more: https://nextjs.org/docs/api-reference/next/image#priority
2026-02-16T18:16:23.201Z [console][error] Image with src "https://slelguoygbfzlpylpxfs.supabase.co/storage/v1/object/public/test-clones/e493a9e9-cb10-474b-b970-6c6f2509ebfd-rbxchance-com/assets/images/coinflipbg-20.png" has "fill" but is missing "sizes" prop. Please add it to improve page performance. Read more: https://nextjs.org/docs/api-reference/next/image#sizes
2026-02-16T18:16:23.202Z [console][error] Image with src "https://slelguoygbfzlpylpxfs.supabase.co/storage/v1/object/public/test-clones/e493a9e9-cb10-474b-b970-6c6f2509ebfd-rbxchance-com/assets/images/coinflipforeground-21.png" has "fill" but is missing "sizes" prop. Please add it to improve page performance. Read more: https://nextjs.org/docs/api-reference/next/image#sizes
2026-02-16T18:16:23.273Z [console][error] Image with src "https://slelguoygbfzlpylpxfs.supabase.co/storage/v1/object/public/test-clones/e493a9e9-cb10-474b-b970-6c6f2509ebfd-rbxchance-com/assets/images/discord-17.png" was detected as the Largest Contentful Paint (LCP). Please add the "priority" property if this image is above the fold.
Read more: https://nextjs.org/docs/api-reference/next/image#priority
2026-02-17T12:13:08.424Z [console][error] Image with src "https://slelguoygbfzlpylpxfs.supabase.co/storage/v1/object/public/test-clones/e493a9e9-cb10-474b-b970-6c6f2509ebfd-rbxchance-com/assets/images/coinflipbg-20.png" has "fill" but is missing "sizes" prop. Please add it to improve page performance. Read more: https://nextjs.org/docs/api-reference/next/image#sizes
2026-02-17T12:13:08.429Z [console][error] Image with src "https://slelguoygbfzlpylpxfs.supabase.co/storage/v1/object/public/test-clones/e493a9e9-cb10-474b-b970-6c6f2509ebfd-rbxchance-com/assets/images/coinflipforeground-21.png" has "fill" but is missing "sizes" prop. Please add it to improve page performance. Read more: https://nextjs.org/docs/api-reference/next/image#sizes
2026-02-17T12:20:24.466Z [console][error] Image with src "https://slelguoygbfzlpylpxfs.supabase.co/storage/v1/object/public/test-clones/e493a9e9-cb10-474b-b970-6c6f2509ebfd-rbxchance-com/assets/images/coinflipbg-20.png" has "fill" but is missing "sizes" prop. Please add it to improve page performance. Read more: https://nextjs.org/docs/api-reference/next/image#sizes
2026-02-17T12:20:24.467Z [console][error] Image with src "https://slelguoygbfzlpylpxfs.supabase.co/storage/v1/object/public/test-clones/e493a9e9-cb10-474b-b970-6c6f2509ebfd-rbxchance-com/assets/images/coinflipforeground-21.png" has "fill" but is missing "sizes" prop. Please add it to improve page performance. Read more: https://nextjs.org/docs/api-reference/next/image#sizes
2026-02-17T17:05:17.572Z [console][error] Image with src "https://slelguoygbfzlpylpxfs.supabase.co/storage/v1/object/public/test-clones/e493a9e9-cb10-474b-b970-6c6f2509ebfd-rbxchance-com/assets/images/coinflipbg-20.png" has "fill" but is missing "sizes" prop. Please add it to improve page performance. Read more: https://nextjs.org/docs/api-reference/next/image#sizes
2026-02-17T17:05:17.608Z [console][error] Image with src "https://slelguoygbfzlpylpxfs.supabase.co/storage/v1/object/public/test-clones/e493a9e9-cb10-474b-b970-6c6f2509ebfd-rbxchance-com/assets/images/coinflipforeground-21.png" has "fill" but is missing "sizes" prop. Please add it to improve page performance. Read more: https://nextjs.org/docs/api-reference/next/image#sizes
2026-02-17T20:53:55.150Z [console][warn] [Fast Refresh] rebuilding
2026-02-17T20:53:55.206Z [console][warn] [Fast Refresh] done in 317ms
2026-02-17T20:53:49.877Z [console][debug] __ORCHIDS_NAVIGATE__ http://localhost:3000/
2026-02-17T20:53:55.150Z [console][log] [Fast Refresh] rebuilding
2026-02-17T20:53:55.204Z [console][log] [Fast Refresh] done in 317ms
2026-02-17T20:53:50.637Z [network][GET 200] /api/rain
  response: null
2026-02-17T20:53:51.690Z [network][GET 200] /api/chat?room=coinflip&limit=50
  response: [{"id":"1","username":"Zxagss561","avatar":"","message":"gg nice flip","created_at":"2026-02-17T20:42:38.301Z"},{"id":"2","username":"hipfire","avatar":"","message":"anyone wanna 1v1?","created_at":"2026-02-17T20:43:08.301Z"},{"id":"3","username":"cocomelon","avatar":"","message":"just won 2k lets go","created_at":"2026-02-17T20:43:38.301Z"},{"id":"4","username":"ATS2","avatar":"","message":"gl all","created_at":"2026-02-17T20:44:08.301Z"}]
2026-02-17T20:54:00.777Z [network][GET 200] /api/chat?room=coinflip&limit=50
  response: [{"id":"1","username":"Zxagss561","avatar":"","message":"gg nice flip","created_at":"2026-02-17T20:42:38.301Z"},{"id":"2","username":"hipfire","avatar":"","message":"anyone wanna 1v1?","created_at":"2026-02-17T20:43:08.301Z"},{"id":"3","username":"cocomelon","avatar":"","message":"just won 2k lets go","created_at":"2026-02-17T20:43:38.301Z"},{"id":"4","username":"ATS2","avatar":"","message":"gl all","created_at":"2026-02-17T20:44:08.301Z"}]
2026-02-17T20:54:09.750Z [network][GET 200] /api/rain
  response: null
2026-02-17T20:54:11.090Z [network][GET 200] /api/chat?room=coinflip&limit=50
  response: [{"id":"1","username":"Zxagss561","avatar":"","message":"gg nice flip","created_at":"2026-02-17T20:42:38.301Z"},{"id":"2","username":"hipfire","avatar":"","message":"anyone wanna 1v1?","created_at":"2026-02-17T20:43:08.301Z"},{"id":"3","username":"cocomelon","avatar":"","message":"just won 2k lets go","created_at":"2026-02-17T20:43:38.301Z"},{"id":"4","username":"ATS2","avatar":"","message":"gl all","created_at":"2026-02-17T20:44:08.301Z"}]
2026-02-17T21:28:44.168Z [console][log] [Fast Refresh] done in 323ms
2026-02-17T21:28:53.929Z [console][log] [Fast Refresh] rebuilding
2026-02-17T21:28:53.942Z [console][log] [Fast Refresh] done in 114ms
2026-02-17T21:28:54.340Z [console][log] [Fast Refresh] rebuilding
2026-02-17T21:28:54.388Z [console][log] [Fast Refresh] done in 151ms
2026-02-17T21:46:16.537Z [console][error] Image with src "https://slelguoygbfzlpylpxfs.supabase.co/storage/v1/object/public/test-clones/e493a9e9-cb10-474b-b970-6c6f2509ebfd-rbxchance-com/assets/images/discord-17.png" has "fill" but is missing "sizes" prop. Please add it to improve page performance. Read more: https://nextjs.org/docs/api-reference/next/image#sizes
2026-02-17T21:46:16.537Z [console][error] Image with src "https://slelguoygbfzlpylpxfs.supabase.co/storage/v1/object/public/test-clones/e493a9e9-cb10-474b-b970-6c6f2509ebfd-rbxchance-com/assets/images/coinflipbg-20.png" has "fill" but is missing "sizes" prop. Please add it to improve page performance. Read more: https://nextjs.org/docs/api-reference/next/image#sizes
2026-02-17T21:46:16.537Z [console][error] Image with src "https://slelguoygbfzlpylpxfs.supabase.co/storage/v1/object/public/test-clones/e493a9e9-cb10-474b-b970-6c6f2509ebfd-rbxchance-com/assets/images/coinflipforeground-21.png" has "fill" but is missing "sizes" prop. Please add it to improve page performance. Read more: https://nextjs.org/docs/api-reference/next/image#sizes
2026-02-17T21:51:46.491Z [console][log] [Fast Refresh] done in 194ms
2026-02-17T21:51:47.296Z [console][log] [Fast Refresh] rebuilding
2026-02-17T21:51:47.852Z [console][log] [Fast Refresh] done in 659ms
2026-02-17T21:51:47.995Z [console][log] [Fast Refresh] rebuilding
2026-02-17T21:51:48.049Z [console][log] [Fast Refresh] done in 155ms
2026-02-17T21:51:49.495Z [console][log] [Fast Refresh] rebuilding
2026-02-17T21:51:50.144Z [console][log] [Fast Refresh] done in 749ms
2026-02-17T21:51:50.273Z [console][log] [Fast Refresh] rebuilding
2026-02-17T21:51:50.643Z [console][log] [Fast Refresh] done in 475ms
2026-02-17T21:51:50.759Z [console][log] [Fast Refresh] rebuilding
2026-02-17T21:51:50.849Z [console][log] [Fast Refresh] done in 193ms
2026-02-17T21:51:52.551Z [console][log] [Fast Refresh] rebuilding
2026-02-17T21:51:52.963Z [console][log] [Fast Refresh] done in 525ms
2026-02-17T21:51:53.376Z [console][log] [Fast Refresh] rebuilding
2026-02-17T21:51:53.804Z [console][log] [Fast Refresh] done in 535ms
2026-02-17T21:51:53.915Z [console][log] [Fast Refresh] rebuilding
2026-02-17T21:51:53.933Z [console][log] [Fast Refresh] done in 120ms
2026-02-17T21:51:55.065Z [console][log] [Fast Refresh] rebuilding
2026-02-17T21:51:57.846Z [console][log] [Fast Refresh] done in 2929ms
2026-02-17T21:51:59.101Z [console][log] [Fast Refresh] rebuilding
2026-02-17T21:52:00.048Z [console][log] [Fast Refresh] done in 1048ms
2026-02-17T21:52:01.367Z [console][log] [Fast Refresh] rebuilding
2026-02-17T21:52:01.792Z [console][log] [Fast Refresh] done in 529ms
2026-02-17T21:52:02.272Z [console][log] [Fast Refresh] rebuilding
2026-02-17T21:52:02.519Z [console][log] [Fast Refresh] done in 350ms
2026-02-17T21:52:02.981Z [console][log] [Fast Refresh] rebuilding
2026-02-17T21:52:03.495Z [console][log] [Fast Refresh] done in 635ms
2026-02-17T21:52:03.622Z [console][log] [Fast Refresh] rebuilding
2026-02-17T21:52:04.316Z [console][log] [Fast Refresh] done in 821ms
2026-02-17T21:52:04.509Z [console][log] [Fast Refresh] rebuilding
2026-02-17T21:48:47.889Z [network][GET 200] /api/rain
  response: null
2026-02-17T21:48:48.608Z [network][GET 200] /api/chat?room=coinflip&limit=50
  response: [{"id":"1","username":"Zxagss561","avatar":"","message":"gg nice flip","created_at":"2026-02-17T21:41:33.606Z"},{"id":"2","username":"hipfire","avatar":"","message":"anyone wanna 1v1?","created_at":"2026-02-17T21:42:03.606Z"},{"id":"3","username":"cocomelon","avatar":"","message":"just won 2k lets go","created_at":"2026-02-17T21:42:33.606Z"},{"id":"4","username":"ATS2","avatar":"","message":"gl all","created_at":"2026-02-17T21:43:03.606Z"}]
2026-02-17T21:48:57.578Z [network][GET 200] /api/chat?room=coinflip&limit=50
  response: [{"id":"1","username":"Zxagss561","avatar":"","message":"gg nice flip","created_at":"2026-02-17T21:41:33.606Z"},{"id":"2","username":"hipfire","avatar":"","message":"anyone wanna 1v1?","created_at":"2026-02-17T21:42:03.606Z"},{"id":"3","username":"cocomelon","avatar":"","message":"just won 2k lets go","created_at":"2026-02-17T21:42:33.606Z"},{"id":"4","username":"ATS2","avatar":"","message":"gl all","created_at":"2026-02-17T21:43:03.606Z"}]
2026-02-17T21:49:02.931Z [network][GET 200] /api/rain
  response: null
2026-02-17T21:49:07.698Z [network][GET 200] /api/chat?room=coinflip&limit=50
  response: [{"id":"1","username":"Zxagss561","avatar":"","message":"gg nice flip","created_at":"2026-02-17T21:41:33.606Z"},{"id":"2","username":"hipfire","avatar":"","message":"anyone wanna 1v1?","created_at":"2026-02-17T21:42:03.606Z"},{"id":"3","username":"cocomelon","avatar":"","message":"just won 2k lets go","created_at":"2026-02-17T21:42:33.606Z"},{"id":"4","username":"ATS2","avatar":"","message":"gl all","created_at":"2026-02-17T21:43:03.606Z"}]
2026-02-17T21:49:17.955Z [network][GET 200] /api/chat?room=coinflip&limit=50
  response: [{"id":"1","username":"Zxagss561","avatar":"","message":"gg nice flip","created_at":"2026-02-17T21:41:33.606Z"},{"id":"2","username":"hipfire","avatar":"","message":"anyone wanna 1v1?","created_at":"2026-02-17T21:42:03.606Z"},{"id":"3","username":"cocomelon","avatar":"","message":"just won 2k lets go","created_at":"2026-02-17T21:42:33.606Z"},{"id":"4","username":"ATS2","avatar":"","message":"gl all","created_at":"2026-02-17T21:43:03.606Z"}]
2026-02-17T21:49:18.171Z [network][GET 200] /api/rain
  response: null
2026-02-17T21:49:27.974Z [network][GET 200] /api/chat?room=coinflip&limit=50
  response: [{"id":"1","username":"Zxagss561","avatar":"","message":"gg nice flip","created_at":"2026-02-17T21:41:33.606Z"},{"id":"2","username":"hipfire","avatar":"","message":"anyone wanna 1v1?","created_at":"2026-02-17T21:42:03.606Z"},{"id":"3","username":"cocomelon","avatar":"","message":"just won 2k lets go","created_at":"2026-02-17T21:42:33.606Z"},{"id":"4","username":"ATS2","avatar":"","message":"gl all","created_at":"2026-02-17T21:43:03.606Z"}]
2026-02-17T21:49:32.957Z [network][GET 200] /api/rain
  response: null
2026-02-17T21:49:38.191Z [network][GET 200] /api/chat?room=coinflip&limit=50
  response: [{"id":"1","username":"Zxagss561","avatar":"","message":"gg nice flip","created_at":"2026-02-17T21:41:33.606Z"},{"id":"2","username":"hipfire","avatar":"","message":"anyone wanna 1v1?","created_at":"2026-02-17T21:42:03.606Z"},{"id":"3","username":"cocomelon","avatar":"","message":"just won 2k lets go","created_at":"2026-02-17T21:42:33.606Z"},{"id":"4","username":"ATS2","avatar":"","message":"gl all","created_at":"2026-02-17T21:43:03.606Z"}]
2026-02-17T21:49:48.356Z [network][GET 200] /api/chat?room=coinflip&limit=50
  response: [{"id":"1","username":"Zxagss561","avatar":"","message":"gg nice flip","created_at":"2026-02-17T21:41:33.606Z"},{"id":"2","username":"hipfire","avatar":"","message":"anyone wanna 1v1?","created_at":"2026-02-17T21:42:03.606Z"},{"id":"3","username":"cocomelon","avatar":"","message":"just won 2k lets go","created_at":"2026-02-17T21:42:33.606Z"},{"id":"4","username":"ATS2","avatar":"","message":"gl all","created_at":"2026-02-17T21:43:03.606Z"}]
2026-02-17T21:49:48.779Z [network][GET 200] /api/rain
  response: null
2026-02-17T21:50:03.214Z [network][GET 200] /api/chat?room=coinflip&limit=50
  response: [{"id":"1","username":"Zxagss561","avatar":"","message":"gg nice flip","created_at":"2026-02-17T21:41:33.606Z"},{"id":"2","username":"hipfire","avatar":"","message":"anyone wanna 1v1?","created_at":"2026-02-17T21:42:03.606Z"},{"id":"3","username":"cocomelon","avatar":"","message":"just won 2k lets go","created_at":"2026-02-17T21:42:33.606Z"},{"id":"4","username":"ATS2","avatar":"","message":"gl all","created_at":"2026-02-17T21:43:03.606Z"}]
2026-02-17T21:50:05.553Z [network][GET 200] /api/rain
  response: null
2026-02-17T21:50:08.876Z [network][GET 200] /api/chat?room=coinflip&limit=50
  response: [{"id":"1","username":"Zxagss561","avatar":"","message":"gg nice flip","created_at":"2026-02-17T21:41:33.606Z"},{"id":"2","username":"hipfire","avatar":"","message":"anyone wanna 1v1?","created_at":"2026-02-17T21:42:03.606Z"},{"id":"3","username":"cocomelon","avatar":"","message":"just won 2k lets go","created_at":"2026-02-17T21:42:33.606Z"},{"id":"4","username":"ATS2","avatar":"","message":"gl all","created_at":"2026-02-17T21:43:03.606Z"}]
2026-02-17T21:50:18.091Z [network][GET 200] /api/chat?room=coinflip&limit=50
  response: [{"id":"1","username":"Zxagss561","avatar":"","message":"gg nice flip","created_at":"2026-02-17T21:41:33.606Z"},{"id":"2","username":"hipfire","avatar":"","message":"anyone wanna 1v1?","created_at":"2026-02-17T21:42:03.606Z"},{"id":"3","username":"cocomelon","avatar":"","message":"just won 2k lets go","created_at":"2026-02-17T21:42:33.606Z"},{"id":"4","username":"ATS2","avatar":"","message":"gl all","created_at":"2026-02-17T21:43:03.606Z"}]
2026-02-17T21:50:18.348Z [network][GET 200] /api/rain
  response: null
2026-02-17T21:50:33.497Z [network][GET 200] /api/chat?room=coinflip&limit=50
  response: [{"id":"1","username":"Zxagss561","avatar":"","message":"gg nice flip","created_at":"2026-02-17T21:41:33.606Z"},{"id":"2","username":"hipfire","avatar":"","message":"anyone wanna 1v1?","created_at":"2026-02-17T21:42:03.606Z"},{"id":"3","username":"cocomelon","avatar":"","message":"just won 2k lets go","created_at":"2026-02-17T21:42:33.606Z"},{"id":"4","username":"ATS2","avatar":"","message":"gl all","created_at":"2026-02-17T21:43:03.606Z"}]
2026-02-17T21:51:31.483Z [network][GET 200] /api/rain
  response: null
2026-02-17T21:51:58.969Z [network][GET 200] /api/chat?room=coinflip&limit=50
  response: [{"id":"1","username":"Zxagss561","avatar":"","message":"gg nice flip","created_at":"2026-02-17T21:41:33.606Z"},{"id":"2","username":"hipfire","avatar":"","message":"anyone wanna 1v1?","created_at":"2026-02-17T21:42:03.606Z"},{"id":"3","username":"cocomelon","avatar":"","message":"just won 2k lets go","created_at":"2026-02-17T21:42:33.606Z"},{"id":"4","username":"ATS2","avatar":"","message":"gl all","created_at":"2026-02-17T21:43:03.606Z"}]
2026-02-17T21:51:59.386Z [network][GET 200] /api/chat?room=coinflip&limit=50
  response: [{"id":"1","username":"Zxagss561","avatar":"","message":"gg nice flip","created_at":"2026-02-17T21:41:33.606Z"},{"id":"2","username":"hipfire","avatar":"","message":"anyone wanna 1v1?","created_at":"2026-02-17T21:42:03.606Z"},{"id":"3","username":"cocomelon","avatar":"","message":"just won 2k lets go","created_at":"2026-02-17T21:42:33.606Z"},{"id":"4","username":"ATS2","avatar":"","message":"gl all","created_at":"2026-02-17T21:43:03.606Z"}]
2026-02-17T21:52:00.451Z [network][GET 200] /api/chat?room=coinflip&limit=50
  response: [{"id":"1","username":"Zxagss561","avatar":"","message":"gg nice flip","created_at":"2026-02-17T21:41:33.606Z"},{"id":"2","username":"hipfire","avatar":"","message":"anyone wanna 1v1?","created_at":"2026-02-17T21:42:03.606Z"},{"id":"3","username":"cocomelon","avatar":"","message":"just won 2k lets go","created_at":"2026-02-17T21:42:33.606Z"},{"id":"4","username":"ATS2","avatar":"","message":"gl all","created_at":"2026-02-17T21:43:03.606Z"}]
2026-02-17T21:52:00.515Z [network][GET 200] /api/chat?room=coinflip&limit=50
  response: [{"id":"1","username":"Zxagss561","avatar":"","message":"gg nice flip","created_at":"2026-02-17T21:41:33.606Z"},{"id":"2","username":"hipfire","avatar":"","message":"anyone wanna 1v1?","created_at":"2026-02-17T21:42:03.606Z"},{"id":"3","username":"cocomelon","avatar":"","message":"just won 2k lets go","created_at":"2026-02-17T21:42:33.606Z"},{"id":"4","username":"ATS2","avatar":"","message":"gl all","created_at":"2026-02-17T21:43:03.606Z"}]
2026-02-17T21:52:01.697Z [network][GET 200] /api/rain
  response: null
2026-02-17T21:52:01.909Z [network][GET 200] /api/rain
  response: null
2026-02-17T22:11:53.684Z [console][error] Image with src "https://slelguoygbfzlpylpxfs.supabase.co/storage/v1/object/public/test-clones/e493a9e9-cb10-474b-b970-6c6f2509ebfd-rbxchance-com/assets/images/discord-17.png" has "fill" but is missing "sizes" prop. Please add it to improve page performance. Read more: https://nextjs.org/docs/api-reference/next/image#sizes
2026-02-17T22:11:53.708Z [console][error] Image with src "https://slelguoygbfzlpylpxfs.supabase.co/storage/v1/object/public/test-clones/e493a9e9-cb10-474b-b970-6c6f2509ebfd-rbxchance-com/assets/images/coinflipbg-20.png" has "fill" but is missing "sizes" prop. Please add it to improve page performance. Read more: https://nextjs.org/docs/api-reference/next/image#sizes
2026-02-17T22:11:53.708Z [console][error] Image with src "https://slelguoygbfzlpylpxfs.supabase.co/storage/v1/object/public/test-clones/e493a9e9-cb10-474b-b970-6c6f2509ebfd-rbxchance-com/assets/images/coinflipforeground-21.png" has "fill" but is missing "sizes" prop. Please add it to improve page performance. Read more: https://nextjs.org/docs/api-reference/next/image#sizes
2026-02-17T22:11:53.962Z [console][warn] [Fast Refresh] rebuilding
2026-02-17T22:11:54.035Z [console][warn] [Fast Refresh] done in 175ms
2026-02-17T22:11:54.142Z [console][warn] [Fast Refresh] rebuilding
2026-02-17T22:11:54.415Z [console][warn] [Fast Refresh] done in 375ms
2026-02-17T22:11:56.011Z [console][warn] [Fast Refresh] rebuilding
2026-02-17T22:11:56.017Z [console][warn] [Fast Refresh] done in 106ms
2026-02-17T22:11:56.188Z [console][warn] [Fast Refresh] rebuilding
2026-02-17T22:11:56.189Z [console][warn] [Fast Refresh] done in 151ms
2026-02-17T22:11:56.615Z [console][warn] [Fast Refresh] rebuilding
2026-02-17T22:11:56.625Z [console][warn] [Fast Refresh] done in 111ms
2026-02-17T22:11:53.645Z [console][debug] __ORCHIDS_NAVIGATE__ http://localhost:3000/
2026-02-17T22:11:53.684Z [console][warn] Image with src "https://slelguoygbfzlpylpxfs.supabase.co/storage/v1/object/public/test-clones/e493a9e9-cb10-474b-b970-6c6f2509ebfd-rbxchance-com/assets/images/discord-17.png" has "fill" but is missing "sizes" prop. Please add it to improve page performance. Read more: https://nextjs.org/docs/api-reference/next/image#sizes
2026-02-17T22:11:53.708Z [console][warn] Image with src "https://slelguoygbfzlpylpxfs.supabase.co/storage/v1/object/public/test-clones/e493a9e9-cb10-474b-b970-6c6f2509ebfd-rbxchance-com/assets/images/coinflipbg-20.png" has "fill" but is missing "sizes" prop. Please add it to improve page performance. Read more: https://nextjs.org/docs/api-reference/next/image#sizes
2026-02-17T22:11:53.708Z [console][warn] Image with src "https://slelguoygbfzlpylpxfs.supabase.co/storage/v1/object/public/test-clones/e493a9e9-cb10-474b-b970-6c6f2509ebfd-rbxchance-com/assets/images/coinflipforeground-21.png" has "fill" but is missing "sizes" prop. Please add it to improve page performance. Read more: https://nextjs.org/docs/api-reference/next/image#sizes
2026-02-17T22:11:53.962Z [console][log] [Fast Refresh] rebuilding
2026-02-17T22:11:54.036Z [console][log] [Fast Refresh] done in 175ms
2026-02-17T22:11:54.142Z [console][log] [Fast Refresh] rebuilding
2026-02-17T22:11:54.416Z [console][log] [Fast Refresh] done in 375ms
2026-02-17T22:11:56.012Z [console][log] [Fast Refresh] rebuilding
2026-02-17T22:11:56.018Z [console][log] [Fast Refresh] done in 106ms
2026-02-17T22:11:56.188Z [console][log] [Fast Refresh] rebuilding
2026-02-17T22:11:56.189Z [console][log] [Fast Refresh] done in 151ms
2026-02-17T22:11:56.616Z [console][log] [Fast Refresh] rebuilding
2026-02-17T22:11:56.625Z [console][log] [Fast Refresh] done in 111ms
2026-02-17T22:11:56.152Z [network][GET 200] /api/chat?room=coinflip&limit=50
  response: [{"id":"1","username":"Zxagss561","avatar":"","message":"gg nice flip","created_at":"2026-02-17T22:09:29.905Z"},{"id":"2","username":"hipfire","avatar":"","message":"anyone wanna 1v1?","created_at":"2026-02-17T22:09:59.907Z"},{"id":"3","username":"cocomelon","avatar":"","message":"just won 2k lets go","created_at":"2026-02-17T22:10:29.907Z"},{"id":"4","username":"ATS2","avatar":"","message":"gl all","created_at":"2026-02-17T22:10:59.907Z"}]
2026-02-17T22:11:56.220Z [network][GET 200] /api/rain
  response: null
2026-02-17T22:43:47.655Z [console][error] Image with src "https://slelguoygbfzlpylpxfs.supabase.co/storage/v1/object/public/test-clones/e493a9e9-cb10-474b-b970-6c6f2509ebfd-rbxchance-com/assets/images/discord-17.png" has "fill" but is missing "sizes" prop. Please add it to improve page performance. Read more: https://nextjs.org/docs/api-reference/next/image#sizes
2026-02-17T22:43:47.656Z [console][error] Image with src "https://slelguoygbfzlpylpxfs.supabase.co/storage/v1/object/public/test-clones/e493a9e9-cb10-474b-b970-6c6f2509ebfd-rbxchance-com/assets/images/coinflipbg-20.png" has "fill" but is missing "sizes" prop. Please add it to improve page performance. Read more: https://nextjs.org/docs/api-reference/next/image#sizes
2026-02-17T22:43:47.657Z [console][error] Image with src "https://slelguoygbfzlpylpxfs.supabase.co/storage/v1/object/public/test-clones/e493a9e9-cb10-474b-b970-6c6f2509ebfd-rbxchance-com/assets/images/coinflipforeground-21.png" has "fill" but is missing "sizes" prop. Please add it to improve page performance. Read more: https://nextjs.org/docs/api-reference/next/image#sizes
2026-02-17T23:11:12.675Z [console][debug] __ORCHIDS_NAVIGATE__ http://localhost:3000/
2026-02-17T23:11:14.718Z [network][GET 200] /api/tips/recent
  response: [{"id":4,"sender_username":"Trav_ABC","sender_avatar":"https://tr.rbxcdn.com/30DAY-AvatarHeadshot-E325AAD5E16DED0DE78FA96EBF5F0972-Png/150/150/AvatarHeadshot/Png/noFilter","recipient_username":"Trav_GHI","recipient_avatar":"https://tr.rbxcdn.com/30DAY-AvatarHeadshot-B78113BCFD71885FFA1BC802F2D438AB-Png/150/150/AvatarHeadshot/Png/noFilter","amount":30000,"created_at":"2026-02-17T23:08:15.955957+00:00"},{"id":3,"sender_username":"Trav_ABC","sender_avatar":"https://tr.rbxcdn.com/30DAY-AvatarHeadshot-E325AAD5E16DED0DE78FA96EBF5F0972-Png/150/150/AvatarHeadshot/Png/noFilter","recipient_username":"Trav_DEF","recipient_avatar":"https://tr.rbxcdn.com/30DAY-AvatarHeadshot-C4D471323BFE27394BD99F7CC09A6CAE-Png/150/150/AvatarHeadshot/Png/noFilter","amount":5000,"created_at":"2026-02-17T23:01:51.693946+00:00"},{"id":2,"sender_username":"Trav_DEF","sender_avatar":"https://tr.rbxcdn.com/30DAY-AvatarHeadshot-C4D471323BFE27394BD99F7CC09A6CAE-Png/150/150/AvatarHeadshot/Png/noFilter","recipient_username":"Trav_ABC","recipient_avatar":"https://tr.rbxcdn.com/30DAY-AvatarHeadshot-E325AAD5E16DED0DE78FA96EBF5F0972-Png/150/150/AvatarHeadshot/Png/noFilter","amount":5000000,"created_at":"2026-02-17T23:01:22.737284+00:00"},{"id":1,"sender_username":"Trav_DEF","sender_avatar":"https://tr.rbxcdn.com/30DAY-AvatarHeadshot-C4D471323BFE27394BD99F7CC09A6CAE-Png/150/150/AvatarHeadshot/Png/noFilter","recipient_username":"Trav_ABC","recipient_avatar":"https://tr.rbxcdn.com/30DAY-AvatarHeadshot-E325AAD5E16DED0DE78FA96EBF5F0972-Png/150/150/AvatarHeadshot/Png/noFilter","amount":5000,"created_at":"2026-02-17T22:59:03.76296+00:00"}]
2026-02-17T23:11:14.811Z [network][GET 200] /api/rain
  response: null
2026-02-17T23:11:15.906Z [network][GET 200] /api/chat?room=coinflip&limit=50
  response: [{"id":1,"username":"Trav_GHI","avatar":"https://tr.rbxcdn.com/30DAY-AvatarHeadshot-B78113BCFD71885FFA1BC802F2D438AB-Png/150/150/AvatarHeadshot/Png/noFilter","message":"hi","created_at":"2026-02-17T23:07:53.54711+00:00"},{"id":2,"username":"Trav_GHI","avatar":"https://tr.rbxcdn.com/30DAY-AvatarHeadshot-B78113BCFD71885FFA1BC802F2D438AB-Png/150/150/AvatarHeadshot/Png/noFilter","message":"uhm","created_at":"2026-02-17T23:11:02.703737+00:00"}]
2026-02-17T23:11:22.000Z [network][GET 200] /api/tips/recent
  response: [{"id":4,"sender_username":"Trav_ABC","sender_avatar":"https://tr.rbxcdn.com/30DAY-AvatarHeadshot-E325AAD5E16DED0DE78FA96EBF5F0972-Png/150/150/AvatarHeadshot/Png/noFilter","recipient_username":"Trav_GHI","recipient_avatar":"https://tr.rbxcdn.com/30DAY-AvatarHeadshot-B78113BCFD71885FFA1BC802F2D438AB-Png/150/150/AvatarHeadshot/Png/noFilter","amount":30000,"created_at":"2026-02-17T23:08:15.955957+00:00"},{"id":3,"sender_username":"Trav_ABC","sender_avatar":"https://tr.rbxcdn.com/30DAY-AvatarHeadshot-E325AAD5E16DED0DE78FA96EBF5F0972-Png/150/150/AvatarHeadshot/Png/noFilter","recipient_username":"Trav_DEF","recipient_avatar":"https://tr.rbxcdn.com/30DAY-AvatarHeadshot-C4D471323BFE27394BD99F7CC09A6CAE-Png/150/150/AvatarHeadshot/Png/noFilter","amount":5000,"created_at":"2026-02-17T23:01:51.693946+00:00"},{"id":2,"sender_username":"Trav_DEF","sender_avatar":"https://tr.rbxcdn.com/30DAY-AvatarHeadshot-C4D471323BFE27394BD99F7CC09A6CAE-Png/150/150/AvatarHeadshot/Png/noFilter","recipient_username":"Trav_ABC","recipient_avatar":"https://tr.rbxcdn.com/30DAY-AvatarHeadshot-E325AAD5E16DED0DE78FA96EBF5F0972-Png/150/150/AvatarHeadshot/Png/noFilter","amount":5000000,"created_at":"2026-02-17T23:01:22.737284+00:00"},{"id":1,"sender_username":"Trav_DEF","sender_avatar":"https://tr.rbxcdn.com/30DAY-AvatarHeadshot-C4D471323BFE27394BD99F7CC09A6CAE-Png/150/150/AvatarHeadshot/Png/noFilter","recipient_username":"Trav_ABC","recipient_avatar":"https://tr.rbxcdn.com/30DAY-AvatarHeadshot-E325AAD5E16DED0DE78FA96EBF5F0972-Png/150/150/AvatarHeadshot/Png/noFilter","amount":5000,"created_at":"2026-02-17T22:59:03.76296+00:00"}]
2026-02-17T23:11:23.899Z [network][GET 200] /api/chat?room=coinflip&limit=50
  response: [{"id":1,"username":"Trav_GHI","avatar":"https://tr.rbxcdn.com/30DAY-AvatarHeadshot-B78113BCFD71885FFA1BC802F2D438AB-Png/150/150/AvatarHeadshot/Png/noFilter","message":"hi","created_at":"2026-02-17T23:07:53.54711+00:00"},{"id":2,"username":"Trav_GHI","avatar":"https://tr.rbxcdn.com/30DAY-AvatarHeadshot-B78113BCFD71885FFA1BC802F2D438AB-Png/150/150/AvatarHeadshot/Png/noFilter","message":"uhm","created_at":"2026-02-17T23:11:02.703737+00:00"}]
2026-02-18T10:56:58.249Z [console][log] [Fast Refresh] done in 152ms
2026-02-18T10:56:59.077Z [console][log] [Fast Refresh] rebuilding
2026-02-18T10:56:59.107Z [console][log] [Fast Refresh] done in 132ms
2026-02-18T10:57:03.765Z [console][log] [Fast Refresh] rebuilding
2026-02-18T10:57:03.908Z [console][log] [Fast Refresh] done in 245ms
2026-02-18T13:32:42.093Z [console][error] GoTrueClient@sb-mklgcbwtvjgrkpleksxo-auth-token:1 (2.95.3) 2026-02-18T13:32:42.093Z Multiple GoTrueClient instances detected in the same browser context. It is not an error, but this should be avoided as it may produce undefined behavior when used concurrently under the same storage key.
2026-02-18T13:32:42.093Z [console][warn] GoTrueClient@sb-mklgcbwtvjgrkpleksxo-auth-token:1 (2.95.3) 2026-02-18T13:32:42.093Z Multiple GoTrueClient instances detected in the same browser context. It is not an error, but this should be avoided as it may produce undefined behavior when used concurrently under the same storage key.
2026-02-18T16:14:33.625Z [console][error] GoTrueClient@sb-mklgcbwtvjgrkpleksxo-auth-token:1 (2.95.3) 2026-02-18T16:14:33.625Z Multiple GoTrueClient instances detected in the same browser context. It is not an error, but this should be avoided as it may produce undefined behavior when used concurrently under the same storage key.
2026-02-18T16:19:00.983Z [console][error] GoTrueClient@sb-mklgcbwtvjgrkpleksxo-auth-token:2 (2.95.3) 2026-02-18T16:19:00.983Z Multiple GoTrueClient instances detected in the same browser context. It is not an error, but this should be avoided as it may produce undefined behavior when used concurrently under the same storage key.
2026-02-18T16:19:00.996Z [console][error] GoTrueClient@sb-mklgcbwtvjgrkpleksxo-auth-token:3 (2.95.3) 2026-02-18T16:19:00.996Z Multiple GoTrueClient instances detected in the same browser context. It is not an error, but this should be avoided as it may produce undefined behavior when used concurrently under the same storage key.
2026-02-18T16:19:12.337Z [console][error] GoTrueClient@sb-mklgcbwtvjgrkpleksxo-auth-token:4 (2.95.3) 2026-02-18T16:19:12.337Z Multiple GoTrueClient instances detected in the same browser context. It is not an error, but this should be avoided as it may produce undefined behavior when used concurrently under the same storage key.
2026-02-18T16:19:33.896Z [console][error] GoTrueClient@sb-mklgcbwtvjgrkpleksxo-auth-token:5 (2.95.3) 2026-02-18T16:19:33.895Z Multiple GoTrueClient instances detected in the same browser context. It is not an error, but this should be avoided as it may produce undefined behavior when used concurrently under the same storage key.
2026-02-18T16:19:40.734Z [console][error] GoTrueClient@sb-mklgcbwtvjgrkpleksxo-auth-token:6 (2.95.3) 2026-02-18T16:19:40.734Z Multiple GoTrueClient instances detected in the same browser context. It is not an error, but this should be avoided as it may produce undefined behavior when used concurrently under the same storage key.
2026-02-18T16:19:48.643Z [console][error] GoTrueClient@sb-mklgcbwtvjgrkpleksxo-auth-token:7 (2.95.3) 2026-02-18T16:19:48.633Z Multiple GoTrueClient instances detected in the same browser context. It is not an error, but this should be avoided as it may produce undefined behavior when used concurrently under the same storage key.
2026-02-18T16:20:24.850Z [console][error] GoTrueClient@sb-mklgcbwtvjgrkpleksxo-auth-token:8 (2.95.3) 2026-02-18T16:20:24.850Z Multiple GoTrueClient instances detected in the same browser context. It is not an error, but this should be avoided as it may produce undefined behavior when used concurrently under the same storage key.
2026-02-18T16:23:40.845Z [console][error] GoTrueClient@sb-mklgcbwtvjgrkpleksxo-auth-token:1 (2.95.3) 2026-02-18T16:23:40.845Z Multiple GoTrueClient instances detected in the same browser context. It is not an error, but this should be avoided as it may produce undefined behavior when used concurrently under the same storage key.
2026-02-18T16:26:06.219Z [console][error] GoTrueClient@sb-mklgcbwtvjgrkpleksxo-auth-token:2 (2.95.3) 2026-02-18T16:26:06.218Z Multiple GoTrueClient instances detected in the same browser context. It is not an error, but this should be avoided as it may produce undefined behavior when used concurrently under the same storage key.
2026-02-18T16:26:14.609Z [console][error] GoTrueClient@sb-mklgcbwtvjgrkpleksxo-auth-token:3 (2.95.3) 2026-02-18T16:26:14.609Z Multiple GoTrueClient instances detected in the same browser context. It is not an error, but this should be avoided as it may produce undefined behavior when used concurrently under the same storage key.
2026-02-18T16:26:14.614Z [console][error] GoTrueClient@sb-mklgcbwtvjgrkpleksxo-auth-token:4 (2.95.3) 2026-02-18T16:26:14.614Z Multiple GoTrueClient instances detected in the same browser context. It is not an error, but this should be avoided as it may produce undefined behavior when used concurrently under the same storage key.
2026-02-18T16:26:26.660Z [console][error] GoTrueClient@sb-mklgcbwtvjgrkpleksxo-auth-token:5 (2.95.3) 2026-02-18T16:26:26.660Z Multiple GoTrueClient instances detected in the same browser context. It is not an error, but this should be avoided as it may produce undefined behavior when used concurrently under the same storage key.
2026-02-18T16:26:26.665Z [console][error] GoTrueClient@sb-mklgcbwtvjgrkpleksxo-auth-token:6 (2.95.3) 2026-02-18T16:26:26.665Z Multiple GoTrueClient instances detected in the same browser context. It is not an error, but this should be avoided as it may produce undefined behavior when used concurrently under the same storage key.
2026-02-18T16:26:26.668Z [console][error] GoTrueClient@sb-mklgcbwtvjgrkpleksxo-auth-token:7 (2.95.3) 2026-02-18T16:26:26.668Z Multiple GoTrueClient instances detected in the same browser context. It is not an error, but this should be avoided as it may produce undefined behavior when used concurrently under the same storage key.
2026-02-18T16:26:34.551Z [console][error] GoTrueClient@sb-mklgcbwtvjgrkpleksxo-auth-token:8 (2.95.3) 2026-02-18T16:26:34.550Z Multiple GoTrueClient instances detected in the same browser context. It is not an error, but this should be avoided as it may produce undefined behavior when used concurrently under the same storage key.
2026-02-18T16:27:18.003Z [console][error] GoTrueClient@sb-mklgcbwtvjgrkpleksxo-auth-token:9 (2.95.3) 2026-02-18T16:27:18.002Z Multiple GoTrueClient instances detected in the same browser context. It is not an error, but this should be avoided as it may produce undefined behavior when used concurrently under the same storage key.
2026-02-18T16:32:45.464Z [console][error] GoTrueClient@sb-mklgcbwtvjgrkpleksxo-auth-token:1 (2.95.3) 2026-02-18T16:32:45.464Z Multiple GoTrueClient instances detected in the same browser context. It is not an error, but this should be avoided as it may produce undefined behavior when used concurrently under the same storage key.
2026-02-18T16:32:45.469Z [console][error] GoTrueClient@sb-mklgcbwtvjgrkpleksxo-auth-token:2 (2.95.3) 2026-02-18T16:32:45.467Z Multiple GoTrueClient instances detected in the same browser context. It is not an error, but this should be avoided as it may produce undefined behavior when used concurrently under the same storage key.
2026-02-18T16:33:58.664Z [console][error] [Fast Refresh] performing full reload

Fast Refresh will perform a full reload when you edit a file that's imported by modules outside of the React rendering tree.
You might have a file which exports a React component but also exports a value that is imported by a non-React component file.
Consider migrating the non-React component export to a separate file and importing it into both files.

It is also possible the parent component of the component you edited is a class component, which disables Fast Refresh.
Fast Refresh requires at least one parent function component in your React tree.
2026-02-18T16:33:58.709Z [console][error] [Fast Refresh] performing full reload

Fast Refresh will perform a full reload when you edit a file that's imported by modules outside of the React rendering tree.
You might have a file which exports a React component but also exports a value that is imported by a non-React component file.
Consider migrating the non-React component export to a separate file and importing it into both files.

It is also possible the parent component of the component you edited is a class component, which disables Fast Refresh.
Fast Refresh requires at least one parent function component in your React tree.
2026-02-18T16:34:12.235Z [console][error] [Fast Refresh] performing full reload

Fast Refresh will perform a full reload when you edit a file that's imported by modules outside of the React rendering tree.
You might have a file which exports a React component but also exports a value that is imported by a non-React component file.
Consider migrating the non-React component export to a separate file and importing it into both files.

It is also possible the parent component of the component you edited is a class component, which disables Fast Refresh.
Fast Refresh requires at least one parent function component in your React tree.
2026-02-18T16:34:19.772Z [console][error] [Fast Refresh] performing full reload

Fast Refresh will perform a full reload when you edit a file that's imported by modules outside of the React rendering tree.
You might have a file which exports a React component but also exports a value that is imported by a non-React component file.
Consider migrating the non-React component export to a separate file and importing it into both files.

It is also possible the parent component of the component you edited is a class component, which disables Fast Refresh.
Fast Refresh requires at least one parent function component in your React tree.
2026-02-18T16:51:43.046Z [console][error] GoTrueClient@sb-mklgcbwtvjgrkpleksxo-auth-token:1 (2.95.3) 2026-02-18T16:51:43.046Z Multiple GoTrueClient instances detected in the same browser context. It is not an error, but this should be avoided as it may produce undefined behavior when used concurrently under the same storage key.
2026-02-18T16:51:43.049Z [console][error] GoTrueClient@sb-mklgcbwtvjgrkpleksxo-auth-token:2 (2.95.3) 2026-02-18T16:51:43.050Z Multiple GoTrueClient instances detected in the same browser context. It is not an error, but this should be avoided as it may produce undefined behavior when used concurrently under the same storage key.
2026-02-18T18:05:38.109Z [console][error] ./orchids-projects/yellow-ferret/src/components/sections/UpgraderGame.tsx
Error evaluating Node.js code
SyntaxError: Identifier 'totalValue' has already been declared. (127:8)
    [at toParseError (C:\Users\serge\orchids-projects\yellow-ferret\node_modules\@babel\parser\src\parse-error.ts:95:45)]
    [at TypeScriptParserMixin.raise (C:\Users\serge\orchids-projects\yellow-ferret\node_modules\@babel\parser\src\tokenizer\index.ts:1507:19)]
    [at TypeScriptScopeHandler.checkRedeclarationInScope (C:\Users\serge\orchids-projects\yellow-ferret\node_modules\@babel\parser\src\util\scope.ts:164:19)]
    [at TypeScriptScopeHandler.declareName (C:\Users\serge\orchids-projects\yellow-ferret\node_modules\@babel\parser\src\util\scope.ts:118:12)]
    [at TypeScriptScopeHandler.declareName (C:\Users\serge\orchids-projects\yellow-ferret\node_modules\@babel\parser\src\plugins\typescript\scope.ts:89:11)]
    [at TypeScriptParserMixin.declareNameFromIdentifier (C:\Users\serge\orchids-projects\yellow-ferret\node_modules\@babel\parser\src\parser\lval.ts:852:16)]
    [at TypeScriptParserMixin.checkIdentifier (C:\Users\serge\orchids-projects\yellow-ferret\node_modules\@babel\parser\src\parser\lval.ts:847:12)]
    [at TypeScriptParserMixin.checkLVal (C:\Users\serge\orchids-projects\yellow-ferret\node_modules\@babel\parser\src\parser\lval.ts:739:12)]
    [at TypeScriptParserMixin.parseVarId (C:\Users\serge\orchids-projects\yellow-ferret\node_modules\@babel\parser\src\parser\statement.ts:1633:10)]
    [at TypeScriptParserMixin.parseVarId (C:\Users\serge\orchids-projects\yellow-ferret\node_modules\@babel\parser\src\plugins\typescript\index.ts:3683:13)]

Import traces:
  Client Component Browser:
    ./orchids-projects/yellow-ferret/src/components/sections/UpgraderGame.tsx [Client Component Browser]
    ./orchids-projects/yellow-ferret/src/app/upgrader/page.tsx [Client Component Browser]
    ./orchids-projects/yellow-ferret/src/app/upgrader/page.tsx [Server Component]

  Client Component SSR:
...
2026-02-18T18:05:38.177Z [console][error] ./orchids-projects/yellow-ferret/src/components/sections/UpgraderGame.tsx
Error evaluating Node.js code
SyntaxError: Identifier 'totalValue' has already been declared. (127:8)
    [at toParseError (C:\Users\serge\orchids-projects\yellow-ferret\node_modules\@babel\parser\src\parse-error.ts:95:45)]
    [at TypeScriptParserMixin.raise (C:\Users\serge\orchids-projects\yellow-ferret\node_modules\@babel\parser\src\tokenizer\index.ts:1507:19)]
    [at TypeScriptScopeHandler.checkRedeclarationInScope (C:\Users\serge\orchids-projects\yellow-ferret\node_modules\@babel\parser\src\util\scope.ts:164:19)]
    [at TypeScriptScopeHandler.declareName (C:\Users\serge\orchids-projects\yellow-ferret\node_modules\@babel\parser\src\util\scope.ts:118:12)]
    [at TypeScriptScopeHandler.declareName (C:\Users\serge\orchids-projects\yellow-ferret\node_modules\@babel\parser\src\plugins\typescript\scope.ts:89:11)]
    [at TypeScriptParserMixin.declareNameFromIdentifier (C:\Users\serge\orchids-projects\yellow-ferret\node_modules\@babel\parser\src\parser\lval.ts:852:16)]
    [at TypeScriptParserMixin.checkIdentifier (C:\Users\serge\orchids-projects\yellow-ferret\node_modules\@babel\parser\src\parser\lval.ts:847:12)]
    [at TypeScriptParserMixin.checkLVal (C:\Users\serge\orchids-projects\yellow-ferret\node_modules\@babel\parser\src\parser\lval.ts:739:12)]
    [at TypeScriptParserMixin.parseVarId (C:\Users\serge\orchids-projects\yellow-ferret\node_modules\@babel\parser\src\parser\statement.ts:1633:10)]
    [at TypeScriptParserMixin.parseVarId (C:\Users\serge\orchids-projects\yellow-ferret\node_modules\@babel\parser\src\plugins\typescript\index.ts:3683:13)]

Import traces:
  Client Component Browser:
    ./orchids-projects/yellow-ferret/src/components/sections/UpgraderGame.tsx [Client Component Browser]
    ./orchids-projects/yellow-ferret/src/app/upgrader/page.tsx [Client Component Browser]
    ./orchids-projects/yellow-ferret/src/app/upgrader/page.tsx [Server Component]

  Client Component SSR:
...
2026-02-18T18:05:38.212Z [console][error] ./orchids-projects/yellow-ferret/src/components/sections/UpgraderGame.tsx
Error evaluating Node.js code
SyntaxError: Identifier 'totalValue' has already been declared. (127:8)
    [at toParseError (C:\Users\serge\orchids-projects\yellow-ferret\node_modules\@babel\parser\src\parse-error.ts:95:45)]
    [at TypeScriptParserMixin.raise (C:\Users\serge\orchids-projects\yellow-ferret\node_modules\@babel\parser\src\tokenizer\index.ts:1507:19)]
    [at TypeScriptScopeHandler.checkRedeclarationInScope (C:\Users\serge\orchids-projects\yellow-ferret\node_modules\@babel\parser\src\util\scope.ts:164:19)]
    [at TypeScriptScopeHandler.declareName (C:\Users\serge\orchids-projects\yellow-ferret\node_modules\@babel\parser\src\util\scope.ts:118:12)]
    [at TypeScriptScopeHandler.declareName (C:\Users\serge\orchids-projects\yellow-ferret\node_modules\@babel\parser\src\plugins\typescript\scope.ts:89:11)]
    [at TypeScriptParserMixin.declareNameFromIdentifier (C:\Users\serge\orchids-projects\yellow-ferret\node_modules\@babel\parser\src\parser\lval.ts:852:16)]
    [at TypeScriptParserMixin.checkIdentifier (C:\Users\serge\orchids-projects\yellow-ferret\node_modules\@babel\parser\src\parser\lval.ts:847:12)]
    [at TypeScriptParserMixin.checkLVal (C:\Users\serge\orchids-projects\yellow-ferret\node_modules\@babel\parser\src\parser\lval.ts:739:12)]
    [at TypeScriptParserMixin.parseVarId (C:\Users\serge\orchids-projects\yellow-ferret\node_modules\@babel\parser\src\parser\statement.ts:1633:10)]
    [at TypeScriptParserMixin.parseVarId (C:\Users\serge\orchids-projects\yellow-ferret\node_modules\@babel\parser\src\plugins\typescript\index.ts:3683:13)]

Import traces:
  Client Component Browser:
    ./orchids-projects/yellow-ferret/src/components/sections/UpgraderGame.tsx [Client Component Browser]
    ./orchids-projects/yellow-ferret/src/app/upgrader/page.tsx [Client Component Browser]
    ./orchids-projects/yellow-ferret/src/app/upgrader/page.tsx [Server Component]

  Client Component SSR:
...
2026-02-18T18:05:38.320Z [console][error] ./orchids-projects/yellow-ferret/src/components/sections/UpgraderGame.tsx
Error evaluating Node.js code
SyntaxError: Identifier 'totalValue' has already been declared. (127:8)
    [at toParseError (C:\Users\serge\orchids-projects\yellow-ferret\node_modules\@babel\parser\src\parse-error.ts:95:45)]
    [at TypeScriptParserMixin.raise (C:\Users\serge\orchids-projects\yellow-ferret\node_modules\@babel\parser\src\tokenizer\index.ts:1507:19)]
    [at TypeScriptScopeHandler.checkRedeclarationInScope (C:\Users\serge\orchids-projects\yellow-ferret\node_modules\@babel\parser\src\util\scope.ts:164:19)]
    [at TypeScriptScopeHandler.declareName (C:\Users\serge\orchids-projects\yellow-ferret\node_modules\@babel\parser\src\util\scope.ts:118:12)]
    [at TypeScriptScopeHandler.declareName (C:\Users\serge\orchids-projects\yellow-ferret\node_modules\@babel\parser\src\plugins\typescript\scope.ts:89:11)]
    [at TypeScriptParserMixin.declareNameFromIdentifier (C:\Users\serge\orchids-projects\yellow-ferret\node_modules\@babel\parser\src\parser\lval.ts:852:16)]
    [at TypeScriptParserMixin.checkIdentifier (C:\Users\serge\orchids-projects\yellow-ferret\node_modules\@babel\parser\src\parser\lval.ts:847:12)]
    [at TypeScriptParserMixin.checkLVal (C:\Users\serge\orchids-projects\yellow-ferret\node_modules\@babel\parser\src\parser\lval.ts:739:12)]
    [at TypeScriptParserMixin.parseVarId (C:\Users\serge\orchids-projects\yellow-ferret\node_modules\@babel\parser\src\parser\statement.ts:1633:10)]
    [at TypeScriptParserMixin.parseVarId (C:\Users\serge\orchids-projects\yellow-ferret\node_modules\@babel\parser\src\plugins\typescript\index.ts:3683:13)]

Import traces:
  Client Component Browser:
    ./orchids-projects/yellow-ferret/src/components/sections/UpgraderGame.tsx [Client Component Browser]
    ./orchids-projects/yellow-ferret/src/app/upgrader/page.tsx [Client Component Browser]
    ./orchids-projects/yellow-ferret/src/app/upgrader/page.tsx [Server Component]

  Client Component SSR:
...
2026-02-18T18:05:42.384Z [console][error] ./orchids-projects/yellow-ferret/src/components/sections/UpgraderGame.tsx
Error evaluating Node.js code
SyntaxError: Identifier 'totalValue' has already been declared. (127:8)
    [at toParseError (C:\Users\serge\orchids-projects\yellow-ferret\node_modules\@babel\parser\src\parse-error.ts:95:45)]
    [at TypeScriptParserMixin.raise (C:\Users\serge\orchids-projects\yellow-ferret\node_modules\@babel\parser\src\tokenizer\index.ts:1507:19)]
    [at TypeScriptScopeHandler.checkRedeclarationInScope (C:\Users\serge\orchids-projects\yellow-ferret\node_modules\@babel\parser\src\util\scope.ts:164:19)]
    [at TypeScriptScopeHandler.declareName (C:\Users\serge\orchids-projects\yellow-ferret\node_modules\@babel\parser\src\util\scope.ts:118:12)]
    [at TypeScriptScopeHandler.declareName (C:\Users\serge\orchids-projects\yellow-ferret\node_modules\@babel\parser\src\plugins\typescript\scope.ts:89:11)]
    [at TypeScriptParserMixin.declareNameFromIdentifier (C:\Users\serge\orchids-projects\yellow-ferret\node_modules\@babel\parser\src\parser\lval.ts:852:16)]
    [at TypeScriptParserMixin.checkIdentifier (C:\Users\serge\orchids-projects\yellow-ferret\node_modules\@babel\parser\src\parser\lval.ts:847:12)]
    [at TypeScriptParserMixin.checkLVal (C:\Users\serge\orchids-projects\yellow-ferret\node_modules\@babel\parser\src\parser\lval.ts:739:12)]
    [at TypeScriptParserMixin.parseVarId (C:\Users\serge\orchids-projects\yellow-ferret\node_modules\@babel\parser\src\parser\statement.ts:1633:10)]
    [at TypeScriptParserMixin.parseVarId (C:\Users\serge\orchids-projects\yellow-ferret\node_modules\@babel\parser\src\plugins\typescript\index.ts:3683:13)]

Import traces:
  Client Component Browser:
    ./orchids-projects/yellow-ferret/src/components/sections/UpgraderGame.tsx [Client Component Browser]
    ./orchids-projects/yellow-ferret/src/app/upgrader/page.tsx [Client Component Browser]
    ./orchids-projects/yellow-ferret/src/app/upgrader/page.tsx [Server Component]

  Client Component SSR:
...
2026-02-18T18:05:42.687Z [console][error] ./orchids-projects/yellow-ferret/src/components/sections/UpgraderGame.tsx
Error evaluating Node.js code
SyntaxError: Identifier 'totalValue' has already been declared. (127:8)
    [at toParseError (C:\Users\serge\orchids-projects\yellow-ferret\node_modules\@babel\parser\src\parse-error.ts:95:45)]
    [at TypeScriptParserMixin.raise (C:\Users\serge\orchids-projects\yellow-ferret\node_modules\@babel\parser\src\tokenizer\index.ts:1507:19)]
    [at TypeScriptScopeHandler.checkRedeclarationInScope (C:\Users\serge\orchids-projects\yellow-ferret\node_modules\@babel\parser\src\util\scope.ts:164:19)]
    [at TypeScriptScopeHandler.declareName (C:\Users\serge\orchids-projects\yellow-ferret\node_modules\@babel\parser\src\util\scope.ts:118:12)]
    [at TypeScriptScopeHandler.declareName (C:\Users\serge\orchids-projects\yellow-ferret\node_modules\@babel\parser\src\plugins\typescript\scope.ts:89:11)]
    [at TypeScriptParserMixin.declareNameFromIdentifier (C:\Users\serge\orchids-projects\yellow-ferret\node_modules\@babel\parser\src\parser\lval.ts:852:16)]
    [at TypeScriptParserMixin.checkIdentifier (C:\Users\serge\orchids-projects\yellow-ferret\node_modules\@babel\parser\src\parser\lval.ts:847:12)]
    [at TypeScriptParserMixin.checkLVal (C:\Users\serge\orchids-projects\yellow-ferret\node_modules\@babel\parser\src\parser\lval.ts:739:12)]
    [at TypeScriptParserMixin.parseVarId (C:\Users\serge\orchids-projects\yellow-ferret\node_modules\@babel\parser\src\parser\statement.ts:1633:10)]
    [at TypeScriptParserMixin.parseVarId (C:\Users\serge\orchids-projects\yellow-ferret\node_modules\@babel\parser\src\plugins\typescript\index.ts:3683:13)]

Import traces:
  Client Component Browser:
    ./orchids-projects/yellow-ferret/src/components/sections/UpgraderGame.tsx [Client Component Browser]
    ./orchids-projects/yellow-ferret/src/app/upgrader/page.tsx [Client Component Browser]
    ./orchids-projects/yellow-ferret/src/app/upgrader/page.tsx [Server Component]

  Client Component SSR:
...
2026-02-18T18:05:43.498Z [console][error] ./orchids-projects/yellow-ferret/src/components/sections/UpgraderGame.tsx
Error evaluating Node.js code
SyntaxError: Identifier 'totalValue' has already been declared. (127:8)
    [at toParseError (C:\Users\serge\orchids-projects\yellow-ferret\node_modules\@babel\parser\src\parse-error.ts:95:45)]
    [at TypeScriptParserMixin.raise (C:\Users\serge\orchids-projects\yellow-ferret\node_modules\@babel\parser\src\tokenizer\index.ts:1507:19)]
    [at TypeScriptScopeHandler.checkRedeclarationInScope (C:\Users\serge\orchids-projects\yellow-ferret\node_modules\@babel\parser\src\util\scope.ts:164:19)]
    [at TypeScriptScopeHandler.declareName (C:\Users\serge\orchids-projects\yellow-ferret\node_modules\@babel\parser\src\util\scope.ts:118:12)]
    [at TypeScriptScopeHandler.declareName (C:\Users\serge\orchids-projects\yellow-ferret\node_modules\@babel\parser\src\plugins\typescript\scope.ts:89:11)]
    [at TypeScriptParserMixin.declareNameFromIdentifier (C:\Users\serge\orchids-projects\yellow-ferret\node_modules\@babel\parser\src\parser\lval.ts:852:16)]
    [at TypeScriptParserMixin.checkIdentifier (C:\Users\serge\orchids-projects\yellow-ferret\node_modules\@babel\parser\src\parser\lval.ts:847:12)]
    [at TypeScriptParserMixin.checkLVal (C:\Users\serge\orchids-projects\yellow-ferret\node_modules\@babel\parser\src\parser\lval.ts:739:12)]
    [at TypeScriptParserMixin.parseVarId (C:\Users\serge\orchids-projects\yellow-ferret\node_modules\@babel\parser\src\parser\statement.ts:1633:10)]
    [at TypeScriptParserMixin.parseVarId (C:\Users\serge\orchids-projects\yellow-ferret\node_modules\@babel\parser\src\plugins\typescript\index.ts:3683:13)]

Import traces:
  Client Component Browser:
    ./orchids-projects/yellow-ferret/src/components/sections/UpgraderGame.tsx [Client Component Browser]
    ./orchids-projects/yellow-ferret/src/app/upgrader/page.tsx [Client Component Browser]
    ./orchids-projects/yellow-ferret/src/app/upgrader/page.tsx [Server Component]

  Client Component SSR:
...
2026-02-18T18:05:43.709Z [console][error] ./orchids-projects/yellow-ferret/src/components/sections/UpgraderGame.tsx
Error evaluating Node.js code
SyntaxError: Identifier 'totalValue' has already been declared. (127:8)
    [at toParseError (C:\Users\serge\orchids-projects\yellow-ferret\node_modules\@babel\parser\src\parse-error.ts:95:45)]
    [at TypeScriptParserMixin.raise (C:\Users\serge\orchids-projects\yellow-ferret\node_modules\@babel\parser\src\tokenizer\index.ts:1507:19)]
    [at TypeScriptScopeHandler.checkRedeclarationInScope (C:\Users\serge\orchids-projects\yellow-ferret\node_modules\@babel\parser\src\util\scope.ts:164:19)]
    [at TypeScriptScopeHandler.declareName (C:\Users\serge\orchids-projects\yellow-ferret\node_modules\@babel\parser\src\util\scope.ts:118:12)]
    [at TypeScriptScopeHandler.declareName (C:\Users\serge\orchids-projects\yellow-ferret\node_modules\@babel\parser\src\plugins\typescript\scope.ts:89:11)]
    [at TypeScriptParserMixin.declareNameFromIdentifier (C:\Users\serge\orchids-projects\yellow-ferret\node_modules\@babel\parser\src\parser\lval.ts:852:16)]
    [at TypeScriptParserMixin.checkIdentifier (C:\Users\serge\orchids-projects\yellow-ferret\node_modules\@babel\parser\src\parser\lval.ts:847:12)]
    [at TypeScriptParserMixin.checkLVal (C:\Users\serge\orchids-projects\yellow-ferret\node_modules\@babel\parser\src\parser\lval.ts:739:12)]
    [at TypeScriptParserMixin.parseVarId (C:\Users\serge\orchids-projects\yellow-ferret\node_modules\@babel\parser\src\parser\statement.ts:1633:10)]
    [at TypeScriptParserMixin.parseVarId (C:\Users\serge\orchids-projects\yellow-ferret\node_modules\@babel\parser\src\plugins\typescript\index.ts:3683:13)]

Import traces:
  Client Component Browser:
    ./orchids-projects/yellow-ferret/src/components/sections/UpgraderGame.tsx [Client Component Browser]
    ./orchids-projects/yellow-ferret/src/app/upgrader/page.tsx [Client Component Browser]
    ./orchids-projects/yellow-ferret/src/app/upgrader/page.tsx [Server Component]

  Client Component SSR:
...
2026-02-18T18:05:43.754Z [console][error] ./orchids-projects/yellow-ferret/src/components/sections/UpgraderGame.tsx
Error evaluating Node.js code
SyntaxError: Identifier 'totalValue' has already been declared. (127:8)
    [at toParseError (C:\Users\serge\orchids-projects\yellow-ferret\node_modules\@babel\parser\src\parse-error.ts:95:45)]
    [at TypeScriptParserMixin.raise (C:\Users\serge\orchids-projects\yellow-ferret\node_modules\@babel\parser\src\tokenizer\index.ts:1507:19)]
    [at TypeScriptScopeHandler.checkRedeclarationInScope (C:\Users\serge\orchids-projects\yellow-ferret\node_modules\@babel\parser\src\util\scope.ts:164:19)]
    [at TypeScriptScopeHandler.declareName (C:\Users\serge\orchids-projects\yellow-ferret\node_modules\@babel\parser\src\util\scope.ts:118:12)]
    [at TypeScriptScopeHandler.declareName (C:\Users\serge\orchids-projects\yellow-ferret\node_modules\@babel\parser\src\plugins\typescript\scope.ts:89:11)]
    [at TypeScriptParserMixin.declareNameFromIdentifier (C:\Users\serge\orchids-projects\yellow-ferret\node_modules\@babel\parser\src\parser\lval.ts:852:16)]
    [at TypeScriptParserMixin.checkIdentifier (C:\Users\serge\orchids-projects\yellow-ferret\node_modules\@babel\parser\src\parser\lval.ts:847:12)]
    [at TypeScriptParserMixin.checkLVal (C:\Users\serge\orchids-projects\yellow-ferret\node_modules\@babel\parser\src\parser\lval.ts:739:12)]
    [at TypeScriptParserMixin.parseVarId (C:\Users\serge\orchids-projects\yellow-ferret\node_modules\@babel\parser\src\parser\statement.ts:1633:10)]
    [at TypeScriptParserMixin.parseVarId (C:\Users\serge\orchids-projects\yellow-ferret\node_modules\@babel\parser\src\plugins\typescript\index.ts:3683:13)]

Import traces:
  Client Component Browser:
    ./orchids-projects/yellow-ferret/src/components/sections/UpgraderGame.tsx [Client Component Browser]
    ./orchids-projects/yellow-ferret/src/app/upgrader/page.tsx [Client Component Browser]
    ./orchids-projects/yellow-ferret/src/app/upgrader/page.tsx [Server Component]

  Client Component SSR:
...
2026-02-18T18:05:43.839Z [console][error] ./orchids-projects/yellow-ferret/src/components/sections/UpgraderGame.tsx
Error evaluating Node.js code
SyntaxError: Identifier 'totalValue' has already been declared. (127:8)
    [at toParseError (C:\Users\serge\orchids-projects\yellow-ferret\node_modules\@babel\parser\src\parse-error.ts:95:45)]
    [at TypeScriptParserMixin.raise (C:\Users\serge\orchids-projects\yellow-ferret\node_modules\@babel\parser\src\tokenizer\index.ts:1507:19)]
    [at TypeScriptScopeHandler.checkRedeclarationInScope (C:\Users\serge\orchids-projects\yellow-ferret\node_modules\@babel\parser\src\util\scope.ts:164:19)]
    [at TypeScriptScopeHandler.declareName (C:\Users\serge\orchids-projects\yellow-ferret\node_modules\@babel\parser\src\util\scope.ts:118:12)]
    [at TypeScriptScopeHandler.declareName (C:\Users\serge\orchids-projects\yellow-ferret\node_modules\@babel\parser\src\plugins\typescript\scope.ts:89:11)]
    [at TypeScriptParserMixin.declareNameFromIdentifier (C:\Users\serge\orchids-projects\yellow-ferret\node_modules\@babel\parser\src\parser\lval.ts:852:16)]
    [at TypeScriptParserMixin.checkIdentifier (C:\Users\serge\orchids-projects\yellow-ferret\node_modules\@babel\parser\src\parser\lval.ts:847:12)]
    [at TypeScriptParserMixin.checkLVal (C:\Users\serge\orchids-projects\yellow-ferret\node_modules\@babel\parser\src\parser\lval.ts:739:12)]
    [at TypeScriptParserMixin.parseVarId (C:\Users\serge\orchids-projects\yellow-ferret\node_modules\@babel\parser\src\parser\statement.ts:1633:10)]
    [at TypeScriptParserMixin.parseVarId (C:\Users\serge\orchids-projects\yellow-ferret\node_modules\@babel\parser\src\plugins\typescript\index.ts:3683:13)]

Import traces:
  Client Component Browser:
    ./orchids-projects/yellow-ferret/src/components/sections/UpgraderGame.tsx [Client Component Browser]
    ./orchids-projects/yellow-ferret/src/app/upgrader/page.tsx [Client Component Browser]
    ./orchids-projects/yellow-ferret/src/app/upgrader/page.tsx [Server Component]

  Client Component SSR:
...
2026-02-18T18:05:43.709Z [console][error] ./orchids-projects/yellow-ferret/src/components/sections/UpgraderGame.tsx
Error evaluating Node.js code
SyntaxError: Identifier 'totalValue' has already been declared. (127:8)
    [at toParseError (C:\Users\serge\orchids-projects\yellow-ferret\node_modules\@babel\parser\src\parse-error.ts:95:45)]
    [at TypeScriptParserMixin.raise (C:\Users\serge\orchids-projects\yellow-ferret\node_modules\@babel\parser\src\tokenizer\index.ts:1507:19)]
    [at TypeScriptScopeHandler.checkRedeclarationInScope (C:\Users\serge\orchids-projects\yellow-ferret\node_modules\@babel\parser\src\util\scope.ts:164:19)]
    [at TypeScriptScopeHandler.declareName (C:\Users\serge\orchids-projects\yellow-ferret\node_modules\@babel\parser\src\util\scope.ts:118:12)]
    [at TypeScriptScopeHandler.declareName (C:\Users\serge\orchids-projects\yellow-ferret\node_modules\@babel\parser\src\plugins\typescript\scope.ts:89:11)]
    [at TypeScriptParserMixin.declareNameFromIdentifier (C:\Users\serge\orchids-projects\yellow-ferret\node_modules\@babel\parser\src\parser\lval.ts:852:16)]
    [at TypeScriptParserMixin.checkIdentifier (C:\Users\serge\orchids-projects\yellow-ferret\node_modules\@babel\parser\src\parser\lval.ts:847:12)]
    [at TypeScriptParserMixin.checkLVal (C:\Users\serge\orchids-projects\yellow-ferret\node_modules\@babel\parser\src\parser\lval.ts:739:12)]
    [at TypeScriptParserMixin.parseVarId (C:\Users\serge\orchids-projects\yellow-ferret\node_modules\@babel\parser\src\parser\statement.ts:1633:10)]
    [at TypeScriptParserMixin.parseVarId (C:\Users\serge\orchids-projects\yellow-ferret\node_modules\@babel\parser\src\plugins\typescript\index.ts:3683:13)]

Import traces:
  Client Component Browser:
    ./orchids-projects/yellow-ferret/src/components/sections/UpgraderGame.tsx [Client Component Browser]
    ./orchids-projects/yellow-ferret/src/app/upgrader/page.tsx [Client Component Browser]
    ./orchids-projects/yellow-ferret/src/app/upgrader/page.tsx [Server Component]

  Client Component SSR:
...
2026-02-18T18:05:43.754Z [console][error] ./orchids-projects/yellow-ferret/src/components/sections/UpgraderGame.tsx
Error evaluating Node.js code
SyntaxError: Identifier 'totalValue' has already been declared. (127:8)
    [at toParseError (C:\Users\serge\orchids-projects\yellow-ferret\node_modules\@babel\parser\src\parse-error.ts:95:45)]
    [at TypeScriptParserMixin.raise (C:\Users\serge\orchids-projects\yellow-ferret\node_modules\@babel\parser\src\tokenizer\index.ts:1507:19)]
    [at TypeScriptScopeHandler.checkRedeclarationInScope (C:\Users\serge\orchids-projects\yellow-ferret\node_modules\@babel\parser\src\util\scope.ts:164:19)]
    [at TypeScriptScopeHandler.declareName (C:\Users\serge\orchids-projects\yellow-ferret\node_modules\@babel\parser\src\util\scope.ts:118:12)]
    [at TypeScriptScopeHandler.declareName (C:\Users\serge\orchids-projects\yellow-ferret\node_modules\@babel\parser\src\plugins\typescript\scope.ts:89:11)]
    [at TypeScriptParserMixin.declareNameFromIdentifier (C:\Users\serge\orchids-projects\yellow-ferret\node_modules\@babel\parser\src\parser\lval.ts:852:16)]
    [at TypeScriptParserMixin.checkIdentifier (C:\Users\serge\orchids-projects\yellow-ferret\node_modules\@babel\parser\src\parser\lval.ts:847:12)]
    [at TypeScriptParserMixin.checkLVal (C:\Users\serge\orchids-projects\yellow-ferret\node_modules\@babel\parser\src\parser\lval.ts:739:12)]
    [at TypeScriptParserMixin.parseVarId (C:\Users\serge\orchids-projects\yellow-ferret\node_modules\@babel\parser\src\parser\statement.ts:1633:10)]
    [at TypeScriptParserMixin.parseVarId (C:\Users\serge\orchids-projects\yellow-ferret\node_modules\@babel\parser\src\plugins\typescript\index.ts:3683:13)]

Import traces:
  Client Component Browser:
    ./orchids-projects/yellow-ferret/src/components/sections/UpgraderGame.tsx [Client Component Browser]
    ./orchids-projects/yellow-ferret/src/app/upgrader/page.tsx [Client Component Browser]
    ./orchids-projects/yellow-ferret/src/app/upgrader/page.tsx [Server Component]

  Client Component SSR:
...
2026-02-18T18:05:43.839Z [console][error] ./orchids-projects/yellow-ferret/src/components/sections/UpgraderGame.tsx
Error evaluating Node.js code
SyntaxError: Identifier 'totalValue' has already been declared. (127:8)
    [at toParseError (C:\Users\serge\orchids-projects\yellow-ferret\node_modules\@babel\parser\src\parse-error.ts:95:45)]
    [at TypeScriptParserMixin.raise (C:\Users\serge\orchids-projects\yellow-ferret\node_modules\@babel\parser\src\tokenizer\index.ts:1507:19)]
    [at TypeScriptScopeHandler.checkRedeclarationInScope (C:\Users\serge\orchids-projects\yellow-ferret\node_modules\@babel\parser\src\util\scope.ts:164:19)]
    [at TypeScriptScopeHandler.declareName (C:\Users\serge\orchids-projects\yellow-ferret\node_modules\@babel\parser\src\util\scope.ts:118:12)]
    [at TypeScriptScopeHandler.declareName (C:\Users\serge\orchids-projects\yellow-ferret\node_modules\@babel\parser\src\plugins\typescript\scope.ts:89:11)]
    [at TypeScriptParserMixin.declareNameFromIdentifier (C:\Users\serge\orchids-projects\yellow-ferret\node_modules\@babel\parser\src\parser\lval.ts:852:16)]
    [at TypeScriptParserMixin.checkIdentifier (C:\Users\serge\orchids-projects\yellow-ferret\node_modules\@babel\parser\src\parser\lval.ts:847:12)]
    [at TypeScriptParserMixin.checkLVal (C:\Users\serge\orchids-projects\yellow-ferret\node_modules\@babel\parser\src\parser\lval.ts:739:12)]
    [at TypeScriptParserMixin.parseVarId (C:\Users\serge\orchids-projects\yellow-ferret\node_modules\@babel\parser\src\parser\statement.ts:1633:10)]
    [at TypeScriptParserMixin.parseVarId (C:\Users\serge\orchids-projects\yellow-ferret\node_modules\@babel\parser\src\plugins\typescript\index.ts:3683:13)]

Import traces:
  Client Component Browser:
    ./orchids-projects/yellow-ferret/src/components/sections/UpgraderGame.tsx [Client Component Browser]
    ./orchids-projects/yellow-ferret/src/app/upgrader/page.tsx [Client Component Browser]
    ./orchids-projects/yellow-ferret/src/app/upgrader/page.tsx [Server Component]

  Client Component SSR:
...
2026-02-18T18:55:00.307Z [console][log] [Fast Refresh] rebuilding
2026-02-18T18:55:00.352Z [console][log] [Fast Refresh] done in 148ms
2026-02-18T18:55:00.507Z [console][log] [Fast Refresh] rebuilding
2026-02-18T18:55:00.517Z [console][log] [Fast Refresh] done in 111ms
2026-02-18T18:55:01.427Z [console][log] [Fast Refresh] rebuilding
2026-02-18T18:55:01.479Z [console][log] [Fast Refresh] done in 154ms
2026-02-18T18:55:01.588Z [console][log] [Fast Refresh] rebuilding
2026-02-18T18:55:01.603Z [console][log] [Fast Refresh] done in 119ms
2026-02-18T18:55:03.405Z [console][log] [Fast Refresh] rebuilding
2026-02-18T18:55:03.443Z [console][log] [Fast Refresh] done in 138ms
2026-02-19T00:27:48.388Z [console][warn] [Fast Refresh] rebuilding
2026-02-19T00:27:48.390Z [console][warn] [Fast Refresh] done in 105ms
2026-02-19T00:27:28.568Z [console][debug] __ORCHIDS_NAVIGATE__ http://localhost:3000/upgrader
2026-02-19T00:27:48.389Z [console][log] [Fast Refresh] rebuilding
2026-02-19T00:27:48.391Z [console][log] [Fast Refresh] done in 105ms
2026-02-19T18:43:07.102Z [console][warn] [Fast Refresh] rebuilding
2026-02-19T18:43:07.191Z [console][warn] [Fast Refresh] done in 563ms
2026-02-19T18:42:54.734Z [console][debug] __ORCHIDS_NAVIGATE__ http://localhost:3000/
2026-02-19T18:43:07.102Z [console][log] [Fast Refresh] rebuilding
2026-02-19T18:43:07.192Z [console][log] [Fast Refresh] done in 563ms
2026-02-19T18:42:55.367Z [network][GET 200] https://mklgcbwtvjgrkpleksxo.supabase.co/rest/v1/chat_messages?select=id%2Cusername%2Cavatar%2Cmessage%2Creplied_to%2Ccreated_at&room=eq.coinflip&order=created_at.desc&limit=50
  response: [{"id":379,"username":"PinkySold","avatar":"https://tr.rbxcdn.com/30DAY-AvatarHeadshot-AABCE3E6A57ACDEF0735FB72E940941C-Png/150/150/AvatarHeadshot/Png/noFilter","message":"niggas","replied_to":null,"created_at":"2026-02-19T18:18:30.624707+00:00"},{"id":378,"username":"Trav_ABC","avatar":"https://tr.rbxcdn.com/30DAY-AvatarHeadshot-E325AAD5E16DED0DE78FA96EBF5F0972-Png/150/150/AvatarHeadshot/Png/noFilter","message":"yoyo","replied_to":null,"created_at":"2026-02-19T16:13:06.30272+00:00"},{"id":377,"username":"BarnoDDino","avatar":"https://tr.rbxcdn.com/30DAY-AvatarHeadshot-8E197A47D242AB089A64A9C257D1BF57-Png/150/150/AvatarHeadshot/Png/noFilter","message":"it actually adds to 100...","replied_to":null,"created_at":"2026-02-19T13:48:26.874558+00:00"},{"id":376,"username":"BarnoDDino","avatar":"https://tr.rbxcdn.com/30DAY-AvatarHeadshot-8E197A47D242AB089A64A9C257D1BF57-Png/150/150/AvatarHeadshot/Png/noFilter","message":"i sent u the %","replied_to":null,"created_at":"2026-02-19T13:48:22.609667+00:00"},{"id":375,"username":"PinkySold","avatar":"https://tr.rbxcdn.com/30DAY-AvatarHeadshot-923EAF71573750A171B54C987278F126-Png/150/150/AvatarHeadshot/Png/noFilter","message":"bet","replied_to":null,"created_at":"2026-02-19T13:48:22.330107+00:00"},{"id":374,"username":"BarnoDDino","avatar":"https://tr.rbxcdn.com/30DAY-AvatarHeadshot-8E197A47D242AB089A64A9C257D1BF57-Png/150/150/AvatarHeadshot/Png/noFilter","message":"check dc","replied_to":null,"created_at":"2026-02-19T13:48:18.406005+00:00"},{"id":373,"username":"PinkySold","avatar":"https://tr.rbxcdn.com/30DAY-AvatarHeadshot-923EAF71573750A171B54C987278F126-Png/150/150/AvatarHeadshot/Png/noFilter","message":"alrr bro gnn","replied_to":null,"created_at":"2026-02-19T13:48:14.03126+00:00"},{"id":372,"username":"BarnoDDino","avatar":"https://tr.rbxcdn.com/30DAY-AvatarHeadshot-8E197A47D242AB089A64A9C257D1BF57-Png/150/150/AvatarHeadshot/Png/noFilter","message":"almost 1am","replied_to":null,"created_at":"2026-02-19T13:48:10.300383+00:... [truncated]
2026-02-19T18:42:56.552Z [network][GET 200] /api/upgrade-banner
  response: [{"id":116,"username":"BarnoDDino","avatar":"https://tr.rbxcdn.com/30DAY-AvatarHeadshot-8E197A47D242AB089A64A9C257D1BF57-Png/150/150/AvatarHeadshot/Png/noFilter","item_name":"Chroma Traveler's Gun","item_image":"https://static.wikia.nocookie.net/murder-mystery-2/images/7/7a/ChromaTravelersGun.png/revision/latest/scale-to-width-down/175?cb=20231018071246","item_value":190000,"bet_amount":0,"multiplier":2,"created_at":"2026-02-19T12:25:37.783449+00:00"},{"id":117,"username":"BarnoDDino","avatar":"https://tr.rbxcdn.com/30DAY-AvatarHeadshot-8E197A47D242AB089A64A9C257D1BF57-Png/150/150/AvatarHeadshot/Png/noFilter","item_name":"Chroma Traveler's Gun","item_image":"https://static.wikia.nocookie.net/murder-mystery-2/images/7/7a/ChromaTravelersGun.png/revision/latest/scale-to-width-down/175?cb=20231018071246","item_value":190000,"bet_amount":0,"multiplier":5,"created_at":"2026-02-19T12:25:44.350104+00:00"},{"id":118,"username":"BarnoDDino","avatar":"https://tr.rbxcdn.com/30DAY-AvatarHeadshot-8E197A47D242AB089A64A9C257D1BF57-Png/150/150/AvatarHeadshot/Png/noFilter","item_name":"Chroma Traveler's Gun","item_image":"https://static.wikia.nocookie.net/murder-mystery-2/images/7/7a/ChromaTravelersGun.png/revision/latest/scale-to-width-down/175?cb=20231018071246","item_value":190000,"bet_amount":0,"multiplier":5,"created_at":"2026-02-19T12:25:46.118703+00:00"},{"id":119,"username":"PinkySold","avatar":"https://tr.rbxcdn.com/30DAY-AvatarHeadshot-923EAF71573750A171B54C987278F126-Png/150/150/AvatarHeadshot/Png/noFilter","item_name":"Chroma Evergun","item_image":"https://static.wikia.nocookie.net/murder-mystery-2/images/1/18/Chroma_Evergun.png/revision/latest/scale-to-width-down/203?cb=20231221063125","item_value":87000,"bet_amount":0,"multiplier":2,"created_at":"2026-02-19T12:42:19.213911+00:00"},{"id":120,"username":"PinkySold","avatar":"https://tr.rbxcdn.com/30DAY-AvatarHeadshot-923EAF71573750A171B54C987278F126-Png/150/150/AvatarHeadshot/Png/noFilter","item_name":"Chroma Vampire's Gu... [truncated]
2026-02-19T18:42:56.695Z [network][GET 200] /api/rare-pull
  response: []
2026-02-19T18:42:56.695Z [network][GET 200] /api/rain
  response: null
2026-02-19T18:42:56.843Z [network][GET 200] /api/tips/recent
  response: [{"id":26,"sender_username":"PinkySold","sender_avatar":"https://tr.rbxcdn.com/30DAY-AvatarHeadshot-923EAF71573750A171B54C987278F126-Png/150/150/AvatarHeadshot/Png/noFilter","recipient_username":"Trav_ABC","recipient_avatar":"https://tr.rbxcdn.com/30DAY-AvatarHeadshot-E325AAD5E16DED0DE78FA96EBF5F0972-Png/150/150/AvatarHeadshot/Png/noFilter","amount":15000,"created_at":"2026-02-19T16:13:16.479321+00:00"},{"id":25,"sender_username":"PinkySold","sender_avatar":"https://tr.rbxcdn.com/30DAY-AvatarHeadshot-923EAF71573750A171B54C987278F126-Png/150/150/AvatarHeadshot/Png/noFilter","recipient_username":"BarnoDDino","recipient_avatar":"https://tr.rbxcdn.com/30DAY-AvatarHeadshot-8E197A47D242AB089A64A9C257D1BF57-Png/150/150/AvatarHeadshot/Png/noFilter","amount":1,"created_at":"2026-02-19T13:37:46.60711+00:00"},{"id":24,"sender_username":"PinkySold","sender_avatar":"https://tr.rbxcdn.com/30DAY-AvatarHeadshot-923EAF71573750A171B54C987278F126-Png/150/150/AvatarHeadshot/Png/noFilter","recipient_username":"BarnoDDino","recipient_avatar":"https://tr.rbxcdn.com/30DAY-AvatarHeadshot-8E197A47D242AB089A64A9C257D1BF57-Png/150/150/AvatarHeadshot/Png/noFilter","amount":1,"created_at":"2026-02-19T13:37:40.274982+00:00"},{"id":23,"sender_username":"BarnoDDino","sender_avatar":"https://tr.rbxcdn.com/30DAY-AvatarHeadshot-8E197A47D242AB089A64A9C257D1BF57-Png/150/150/AvatarHeadshot/Png/noFilter","recipient_username":"PinkySold","recipient_avatar":"https://tr.rbxcdn.com/30DAY-AvatarHeadshot-923EAF71573750A171B54C987278F126-Png/150/150/AvatarHeadshot/Png/noFilter","amount":1000000000,"created_at":"2026-02-19T13:37:10.829743+00:00"},{"id":22,"sender_username":"BarnoDDino","sender_avatar":"https://tr.rbxcdn.com/30DAY-AvatarHeadshot-8E197A47D242AB089A64A9C257D1BF57-Png/150/150/AvatarHeadshot/Png/noFilter","recipient_username":"PinkySold","recipient_avatar":"https://tr.rbxcdn.com/30DAY-AvatarHeadshot-923EAF71573750A171B54C987278F126-Png/150/150/AvatarHeadshot/Png/noFilter","amount":1,"created_at":"2026... [truncated]
2026-02-19T18:43:10.711Z [network][GET 200] /api/rain
  response: null
2026-02-19T18:43:26.027Z [network][GET 200] /api/rain
  response: null
2026-02-19T18:43:40.766Z [network][GET 200] /api/rain
  response: null
2026-02-19T18:43:57.903Z [network][GET 200] /api/rain
  response: null
2026-02-21T15:43:32.174Z [network][GET 200] /api/bot/heartbeat
  response: {"bots":[{"id":1,"name":"Modge","roblox_username":null,"avatar":"https://image2url.com/r2/default/images/1771197021410-c18078c4-0434-4701-aa66-96b7956d377b.jpg","last_heartbeat":null,"enabled":true,"online":false},{"id":2,"name":"Mr. Bean","roblox_username":null,"avatar":"https://image2url.com/r2/default/images/1771197057594-f3b5d931-d35d-4886-baa4-4c34a8f1fe4a.png","last_heartbeat":null,"enabled":true,"online":false},{"id":3,"name":"Drake","roblox_username":null,"avatar":"https://image2url.com/r2/default/images/1771197100294-fd173aa4-e93d-4d63-b84d-e46318ba65de.png","last_heartbeat":null,"enabled":true,"online":false},{"id":4,"name":"C. Johnson","roblox_username":null,"avatar":"https://image2url.com/r2/default/images/1771197119360-e84ac26a-277f-436f-bec7-e3294b0d4110.png","last_heartbeat":null,"enabled":true,"online":false},{"id":5,"name":"Pink","roblox_username":null,"avatar":"https://image2url.com/r2/default/images/1771328542648-108abba7-08f3-44d2-8b7b-c9d88f588915.png","last_heartbeat":null,"enabled":true,"online":false},{"id":6,"name":"Divine","roblox_username":null,"avatar":"https://image2url.com/r2/default/images/1771414347024-54931f98-6fa2-4bbd-be55-7676b4417a0e.png","last_heartbeat":null,"enabled":true,"online":false},{"id":7,"name":"Barno","roblox_username":null,"avatar":"https://image2url.com/r2/default/images/1771328468399-b1498ac6-d166-4dc7-a0b6-3f02e422c24d.png","last_heartbeat":null,"enabled":true,"online":false},{"id":8,"name":"Bot 1","roblox_username":null,"avatar":"https://image2url.com/r2/default/images/1771197795125-a93434e2-fe3c-47f3-9c93-e0f1178c2741.png","last_heartbeat":null,"enabled":true,"online":false},{"id":9,"name":"Bot 2","roblox_username":null,"avatar":"https://image2url.com/r2/default/images/1771197795125-a93434e2-fe3c-47f3-9c93-e0f1178c2741.png","last_heartbeat":null,"enabled":true,"online":false},{"id":10,"name":"Bot 3","roblox_username":null,"avatar":"https://image2url.com/r2/default/images/1771197795125-a93434e2-fe3c-47f3-9c93-e0f... [truncated]
2026-02-21T15:44:03.063Z [network][GET 200] /api/bot/heartbeat
  response: {"bots":[{"id":1,"name":"Modge","roblox_username":null,"avatar":"https://image2url.com/r2/default/images/1771197021410-c18078c4-0434-4701-aa66-96b7956d377b.jpg","last_heartbeat":null,"enabled":true,"online":false},{"id":2,"name":"Mr. Bean","roblox_username":null,"avatar":"https://image2url.com/r2/default/images/1771197057594-f3b5d931-d35d-4886-baa4-4c34a8f1fe4a.png","last_heartbeat":null,"enabled":true,"online":false},{"id":3,"name":"Drake","roblox_username":null,"avatar":"https://image2url.com/r2/default/images/1771197100294-fd173aa4-e93d-4d63-b84d-e46318ba65de.png","last_heartbeat":null,"enabled":true,"online":false},{"id":4,"name":"C. Johnson","roblox_username":null,"avatar":"https://image2url.com/r2/default/images/1771197119360-e84ac26a-277f-436f-bec7-e3294b0d4110.png","last_heartbeat":null,"enabled":true,"online":false},{"id":5,"name":"Pink","roblox_username":null,"avatar":"https://image2url.com/r2/default/images/1771328542648-108abba7-08f3-44d2-8b7b-c9d88f588915.png","last_heartbeat":null,"enabled":true,"online":false},{"id":6,"name":"Divine","roblox_username":null,"avatar":"https://image2url.com/r2/default/images/1771414347024-54931f98-6fa2-4bbd-be55-7676b4417a0e.png","last_heartbeat":null,"enabled":true,"online":false},{"id":7,"name":"Barno","roblox_username":null,"avatar":"https://image2url.com/r2/default/images/1771328468399-b1498ac6-d166-4dc7-a0b6-3f02e422c24d.png","last_heartbeat":null,"enabled":true,"online":false},{"id":8,"name":"Bot 1","roblox_username":null,"avatar":"https://image2url.com/r2/default/images/1771197795125-a93434e2-fe3c-47f3-9c93-e0f1178c2741.png","last_heartbeat":null,"enabled":true,"online":false},{"id":9,"name":"Bot 2","roblox_username":null,"avatar":"https://image2url.com/r2/default/images/1771197795125-a93434e2-fe3c-47f3-9c93-e0f1178c2741.png","last_heartbeat":null,"enabled":true,"online":false},{"id":10,"name":"Bot 3","roblox_username":null,"avatar":"https://image2url.com/r2/default/images/1771197795125-a93434e2-fe3c-47f3-9c93-e0f... [truncated]
2026-02-21T15:44:33.008Z [network][GET 200] /api/bot/heartbeat
  response: {"bots":[{"id":1,"name":"Modge","roblox_username":null,"avatar":"https://image2url.com/r2/default/images/1771197021410-c18078c4-0434-4701-aa66-96b7956d377b.jpg","last_heartbeat":null,"enabled":true,"online":false},{"id":2,"name":"Mr. Bean","roblox_username":null,"avatar":"https://image2url.com/r2/default/images/1771197057594-f3b5d931-d35d-4886-baa4-4c34a8f1fe4a.png","last_heartbeat":null,"enabled":true,"online":false},{"id":3,"name":"Drake","roblox_username":null,"avatar":"https://image2url.com/r2/default/images/1771197100294-fd173aa4-e93d-4d63-b84d-e46318ba65de.png","last_heartbeat":null,"enabled":true,"online":false},{"id":4,"name":"C. Johnson","roblox_username":null,"avatar":"https://image2url.com/r2/default/images/1771197119360-e84ac26a-277f-436f-bec7-e3294b0d4110.png","last_heartbeat":null,"enabled":true,"online":false},{"id":5,"name":"Pink","roblox_username":null,"avatar":"https://image2url.com/r2/default/images/1771328542648-108abba7-08f3-44d2-8b7b-c9d88f588915.png","last_heartbeat":null,"enabled":true,"online":false},{"id":6,"name":"Divine","roblox_username":null,"avatar":"https://image2url.com/r2/default/images/1771414347024-54931f98-6fa2-4bbd-be55-7676b4417a0e.png","last_heartbeat":null,"enabled":true,"online":false},{"id":7,"name":"Barno","roblox_username":null,"avatar":"https://image2url.com/r2/default/images/1771328468399-b1498ac6-d166-4dc7-a0b6-3f02e422c24d.png","last_heartbeat":null,"enabled":true,"online":false},{"id":8,"name":"Bot 1","roblox_username":null,"avatar":"https://image2url.com/r2/default/images/1771197795125-a93434e2-fe3c-47f3-9c93-e0f1178c2741.png","last_heartbeat":null,"enabled":true,"online":false},{"id":9,"name":"Bot 2","roblox_username":null,"avatar":"https://image2url.com/r2/default/images/1771197795125-a93434e2-fe3c-47f3-9c93-e0f1178c2741.png","last_heartbeat":null,"enabled":true,"online":false},{"id":10,"name":"Bot 3","roblox_username":null,"avatar":"https://image2url.com/r2/default/images/1771197795125-a93434e2-fe3c-47f3-9c93-e0f... [truncated]
2026-02-21T15:45:03.074Z [network][GET 200] /api/bot/heartbeat
  response: {"bots":[{"id":1,"name":"Modge","roblox_username":null,"avatar":"https://image2url.com/r2/default/images/1771197021410-c18078c4-0434-4701-aa66-96b7956d377b.jpg","last_heartbeat":null,"enabled":true,"online":false},{"id":2,"name":"Mr. Bean","roblox_username":null,"avatar":"https://image2url.com/r2/default/images/1771197057594-f3b5d931-d35d-4886-baa4-4c34a8f1fe4a.png","last_heartbeat":null,"enabled":true,"online":false},{"id":3,"name":"Drake","roblox_username":null,"avatar":"https://image2url.com/r2/default/images/1771197100294-fd173aa4-e93d-4d63-b84d-e46318ba65de.png","last_heartbeat":null,"enabled":true,"online":false},{"id":4,"name":"C. Johnson","roblox_username":null,"avatar":"https://image2url.com/r2/default/images/1771197119360-e84ac26a-277f-436f-bec7-e3294b0d4110.png","last_heartbeat":null,"enabled":true,"online":false},{"id":5,"name":"Pink","roblox_username":null,"avatar":"https://image2url.com/r2/default/images/1771328542648-108abba7-08f3-44d2-8b7b-c9d88f588915.png","last_heartbeat":null,"enabled":true,"online":false},{"id":6,"name":"Divine","roblox_username":null,"avatar":"https://image2url.com/r2/default/images/1771414347024-54931f98-6fa2-4bbd-be55-7676b4417a0e.png","last_heartbeat":null,"enabled":true,"online":false},{"id":7,"name":"Barno","roblox_username":null,"avatar":"https://image2url.com/r2/default/images/1771328468399-b1498ac6-d166-4dc7-a0b6-3f02e422c24d.png","last_heartbeat":null,"enabled":true,"online":false},{"id":8,"name":"Bot 1","roblox_username":null,"avatar":"https://image2url.com/r2/default/images/1771197795125-a93434e2-fe3c-47f3-9c93-e0f1178c2741.png","last_heartbeat":null,"enabled":true,"online":false},{"id":9,"name":"Bot 2","roblox_username":null,"avatar":"https://image2url.com/r2/default/images/1771197795125-a93434e2-fe3c-47f3-9c93-e0f1178c2741.png","last_heartbeat":null,"enabled":true,"online":false},{"id":10,"name":"Bot 3","roblox_username":null,"avatar":"https://image2url.com/r2/default/images/1771197795125-a93434e2-fe3c-47f3-9c93-e0f... [truncated]
2026-02-21T15:45:32.607Z [network][GET 200] /api/bot/heartbeat
  response: {"bots":[{"id":1,"name":"Modge","roblox_username":null,"avatar":"https://image2url.com/r2/default/images/1771197021410-c18078c4-0434-4701-aa66-96b7956d377b.jpg","last_heartbeat":null,"enabled":true,"online":false},{"id":2,"name":"Mr. Bean","roblox_username":null,"avatar":"https://image2url.com/r2/default/images/1771197057594-f3b5d931-d35d-4886-baa4-4c34a8f1fe4a.png","last_heartbeat":null,"enabled":true,"online":false},{"id":3,"name":"Drake","roblox_username":null,"avatar":"https://image2url.com/r2/default/images/1771197100294-fd173aa4-e93d-4d63-b84d-e46318ba65de.png","last_heartbeat":null,"enabled":true,"online":false},{"id":4,"name":"C. Johnson","roblox_username":null,"avatar":"https://image2url.com/r2/default/images/1771197119360-e84ac26a-277f-436f-bec7-e3294b0d4110.png","last_heartbeat":null,"enabled":true,"online":false},{"id":5,"name":"Pink","roblox_username":null,"avatar":"https://image2url.com/r2/default/images/1771328542648-108abba7-08f3-44d2-8b7b-c9d88f588915.png","last_heartbeat":null,"enabled":true,"online":false},{"id":6,"name":"Divine","roblox_username":null,"avatar":"https://image2url.com/r2/default/images/1771414347024-54931f98-6fa2-4bbd-be55-7676b4417a0e.png","last_heartbeat":null,"enabled":true,"online":false},{"id":7,"name":"Barno","roblox_username":null,"avatar":"https://image2url.com/r2/default/images/1771328468399-b1498ac6-d166-4dc7-a0b6-3f02e422c24d.png","last_heartbeat":null,"enabled":true,"online":false},{"id":8,"name":"Bot 1","roblox_username":null,"avatar":"https://image2url.com/r2/default/images/1771197795125-a93434e2-fe3c-47f3-9c93-e0f1178c2741.png","last_heartbeat":null,"enabled":true,"online":false},{"id":9,"name":"Bot 2","roblox_username":null,"avatar":"https://image2url.com/r2/default/images/1771197795125-a93434e2-fe3c-47f3-9c93-e0f1178c2741.png","last_heartbeat":null,"enabled":true,"online":false},{"id":10,"name":"Bot 3","roblox_username":null,"avatar":"https://image2url.com/r2/default/images/1771197795125-a93434e2-fe3c-47f3-9c93-e0f... [truncated]
2026-02-21T15:46:02.613Z [network][GET 200] /api/bot/heartbeat
  response: {"bots":[{"id":1,"name":"Modge","roblox_username":null,"avatar":"https://image2url.com/r2/default/images/1771197021410-c18078c4-0434-4701-aa66-96b7956d377b.jpg","last_heartbeat":null,"enabled":true,"online":false},{"id":2,"name":"Mr. Bean","roblox_username":null,"avatar":"https://image2url.com/r2/default/images/1771197057594-f3b5d931-d35d-4886-baa4-4c34a8f1fe4a.png","last_heartbeat":null,"enabled":true,"online":false},{"id":3,"name":"Drake","roblox_username":null,"avatar":"https://image2url.com/r2/default/images/1771197100294-fd173aa4-e93d-4d63-b84d-e46318ba65de.png","last_heartbeat":null,"enabled":true,"online":false},{"id":4,"name":"C. Johnson","roblox_username":null,"avatar":"https://image2url.com/r2/default/images/1771197119360-e84ac26a-277f-436f-bec7-e3294b0d4110.png","last_heartbeat":null,"enabled":true,"online":false},{"id":5,"name":"Pink","roblox_username":null,"avatar":"https://image2url.com/r2/default/images/1771328542648-108abba7-08f3-44d2-8b7b-c9d88f588915.png","last_heartbeat":null,"enabled":true,"online":false},{"id":6,"name":"Divine","roblox_username":null,"avatar":"https://image2url.com/r2/default/images/1771414347024-54931f98-6fa2-4bbd-be55-7676b4417a0e.png","last_heartbeat":null,"enabled":true,"online":false},{"id":7,"name":"Barno","roblox_username":null,"avatar":"https://image2url.com/r2/default/images/1771328468399-b1498ac6-d166-4dc7-a0b6-3f02e422c24d.png","last_heartbeat":null,"enabled":true,"online":false},{"id":8,"name":"Bot 1","roblox_username":null,"avatar":"https://image2url.com/r2/default/images/1771197795125-a93434e2-fe3c-47f3-9c93-e0f1178c2741.png","last_heartbeat":null,"enabled":true,"online":false},{"id":9,"name":"Bot 2","roblox_username":null,"avatar":"https://image2url.com/r2/default/images/1771197795125-a93434e2-fe3c-47f3-9c93-e0f1178c2741.png","last_heartbeat":null,"enabled":true,"online":false},{"id":10,"name":"Bot 3","roblox_username":null,"avatar":"https://image2url.com/r2/default/images/1771197795125-a93434e2-fe3c-47f3-9c93-e0f... [truncated]
2026-02-21T16:13:14.037Z [network][GET 200] /api/bot/heartbeat
  response: {"bots":[{"id":1,"name":"Trav_ABC","roblox_username":null,"avatar":"https://slelguoygbfzlpylpxfs.supabase.co/storage/v1/render/image/public/project-uploads/e493a9e9-cb10-474b-b970-6c6f2509ebfd/image-1771690215483.png?width=8000&height=8000&resize=contain","last_heartbeat":null,"enabled":true,"online":false},{"id":2,"name":"Trav_DEF","roblox_username":null,"avatar":"https://slelguoygbfzlpylpxfs.supabase.co/storage/v1/render/image/public/project-uploads/e493a9e9-cb10-474b-b970-6c6f2509ebfd/image-1771690215483.png?width=8000&height=8000&resize=contain","last_heartbeat":null,"enabled":true,"online":false},{"id":3,"name":"Trav_GHI","roblox_username":null,"avatar":"https://slelguoygbfzlpylpxfs.supabase.co/storage/v1/render/image/public/project-uploads/e493a9e9-cb10-474b-b970-6c6f2509ebfd/image-1771690215483.png?width=8000&height=8000&resize=contain","last_heartbeat":null,"enabled":true,"online":false},{"id":4,"name":"C. Johnson","roblox_username":null,"avatar":"https://image2url.com/r2/default/images/1771197119360-e84ac26a-277f-436f-bec7-e3294b0d4110.png","last_heartbeat":null,"enabled":true,"online":false},{"id":5,"name":"Pink","roblox_username":null,"avatar":"https://image2url.com/r2/default/images/1771328542648-108abba7-08f3-44d2-8b7b-c9d88f588915.png","last_heartbeat":null,"enabled":true,"online":false},{"id":6,"name":"Divine","roblox_username":null,"avatar":"https://image2url.com/r2/default/images/1771414347024-54931f98-6fa2-4bbd-be55-7676b4417a0e.png","last_heartbeat":null,"enabled":true,"online":false},{"id":7,"name":"Barno","roblox_username":null,"avatar":"https://image2url.com/r2/default/images/1771328468399-b1498ac6-d166-4dc7-a0b6-3f02e422c24d.png","last_heartbeat":null,"enabled":true,"online":false},{"id":8,"name":"TRAV_ABC","roblox_username":null,"avatar":"https://image2url.com/r2/default/images/1771197795125-a93434e2-fe3c-47f3-9c93-e0f1178c2741.png","last_heartbeat":null,"enabled":true,"online":false},{"id":9,"name":"TRAV_DEF","roblox_username":null,"avatar":... [truncated]
2026-02-21T16:13:43.173Z [network][GET 200] /api/bot/heartbeat
  response: {"bots":[{"id":1,"name":"Trav_ABC","roblox_username":null,"avatar":"https://slelguoygbfzlpylpxfs.supabase.co/storage/v1/render/image/public/project-uploads/e493a9e9-cb10-474b-b970-6c6f2509ebfd/image-1771690215483.png?width=8000&height=8000&resize=contain","last_heartbeat":null,"enabled":true,"online":false},{"id":2,"name":"Trav_DEF","roblox_username":null,"avatar":"https://slelguoygbfzlpylpxfs.supabase.co/storage/v1/render/image/public/project-uploads/e493a9e9-cb10-474b-b970-6c6f2509ebfd/image-1771690215483.png?width=8000&height=8000&resize=contain","last_heartbeat":null,"enabled":true,"online":false},{"id":3,"name":"Trav_GHI","roblox_username":null,"avatar":"https://slelguoygbfzlpylpxfs.supabase.co/storage/v1/render/image/public/project-uploads/e493a9e9-cb10-474b-b970-6c6f2509ebfd/image-1771690215483.png?width=8000&height=8000&resize=contain","last_heartbeat":null,"enabled":true,"online":false},{"id":4,"name":"C. Johnson","roblox_username":null,"avatar":"https://image2url.com/r2/default/images/1771197119360-e84ac26a-277f-436f-bec7-e3294b0d4110.png","last_heartbeat":null,"enabled":true,"online":false},{"id":5,"name":"Pink","roblox_username":null,"avatar":"https://image2url.com/r2/default/images/1771328542648-108abba7-08f3-44d2-8b7b-c9d88f588915.png","last_heartbeat":null,"enabled":true,"online":false},{"id":6,"name":"Divine","roblox_username":null,"avatar":"https://image2url.com/r2/default/images/1771414347024-54931f98-6fa2-4bbd-be55-7676b4417a0e.png","last_heartbeat":null,"enabled":true,"online":false},{"id":7,"name":"Barno","roblox_username":null,"avatar":"https://image2url.com/r2/default/images/1771328468399-b1498ac6-d166-4dc7-a0b6-3f02e422c24d.png","last_heartbeat":null,"enabled":true,"online":false},{"id":8,"name":"TRAV_ABC","roblox_username":null,"avatar":"https://image2url.com/r2/default/images/1771197795125-a93434e2-fe3c-47f3-9c93-e0f1178c2741.png","last_heartbeat":null,"enabled":true,"online":false},{"id":9,"name":"TRAV_DEF","roblox_username":null,"avatar":... [truncated]
2026-02-21T16:14:13.105Z [network][GET 200] /api/bot/heartbeat
  response: {"bots":[{"id":1,"name":"Trav_ABC","roblox_username":null,"avatar":"https://slelguoygbfzlpylpxfs.supabase.co/storage/v1/render/image/public/project-uploads/e493a9e9-cb10-474b-b970-6c6f2509ebfd/image-1771690215483.png?width=8000&height=8000&resize=contain","last_heartbeat":null,"enabled":true,"online":false},{"id":2,"name":"Trav_DEF","roblox_username":null,"avatar":"https://slelguoygbfzlpylpxfs.supabase.co/storage/v1/render/image/public/project-uploads/e493a9e9-cb10-474b-b970-6c6f2509ebfd/image-1771690215483.png?width=8000&height=8000&resize=contain","last_heartbeat":null,"enabled":true,"online":false},{"id":3,"name":"Trav_GHI","roblox_username":null,"avatar":"https://slelguoygbfzlpylpxfs.supabase.co/storage/v1/render/image/public/project-uploads/e493a9e9-cb10-474b-b970-6c6f2509ebfd/image-1771690215483.png?width=8000&height=8000&resize=contain","last_heartbeat":null,"enabled":true,"online":false},{"id":4,"name":"C. Johnson","roblox_username":null,"avatar":"https://image2url.com/r2/default/images/1771197119360-e84ac26a-277f-436f-bec7-e3294b0d4110.png","last_heartbeat":null,"enabled":true,"online":false},{"id":5,"name":"Pink","roblox_username":null,"avatar":"https://image2url.com/r2/default/images/1771328542648-108abba7-08f3-44d2-8b7b-c9d88f588915.png","last_heartbeat":null,"enabled":true,"online":false},{"id":6,"name":"Divine","roblox_username":null,"avatar":"https://image2url.com/r2/default/images/1771414347024-54931f98-6fa2-4bbd-be55-7676b4417a0e.png","last_heartbeat":null,"enabled":true,"online":false},{"id":7,"name":"Barno","roblox_username":null,"avatar":"https://image2url.com/r2/default/images/1771328468399-b1498ac6-d166-4dc7-a0b6-3f02e422c24d.png","last_heartbeat":null,"enabled":true,"online":false},{"id":8,"name":"TRAV_ABC","roblox_username":null,"avatar":"https://image2url.com/r2/default/images/1771197795125-a93434e2-fe3c-47f3-9c93-e0f1178c2741.png","last_heartbeat":null,"enabled":true,"online":false},{"id":9,"name":"TRAV_DEF","roblox_username":null,"avatar":... [truncated]
2026-02-21T16:14:42.825Z [network][GET 200] /api/bot/heartbeat
  response: {"bots":[{"id":1,"name":"Trav_ABC","roblox_username":null,"avatar":"https://slelguoygbfzlpylpxfs.supabase.co/storage/v1/render/image/public/project-uploads/e493a9e9-cb10-474b-b970-6c6f2509ebfd/image-1771690215483.png?width=8000&height=8000&resize=contain","last_heartbeat":null,"enabled":true,"online":false},{"id":2,"name":"Trav_DEF","roblox_username":null,"avatar":"https://slelguoygbfzlpylpxfs.supabase.co/storage/v1/render/image/public/project-uploads/e493a9e9-cb10-474b-b970-6c6f2509ebfd/image-1771690215483.png?width=8000&height=8000&resize=contain","last_heartbeat":null,"enabled":true,"online":false},{"id":3,"name":"Trav_GHI","roblox_username":null,"avatar":"https://slelguoygbfzlpylpxfs.supabase.co/storage/v1/render/image/public/project-uploads/e493a9e9-cb10-474b-b970-6c6f2509ebfd/image-1771690215483.png?width=8000&height=8000&resize=contain","last_heartbeat":null,"enabled":true,"online":false},{"id":4,"name":"C. Johnson","roblox_username":null,"avatar":"https://image2url.com/r2/default/images/1771197119360-e84ac26a-277f-436f-bec7-e3294b0d4110.png","last_heartbeat":null,"enabled":true,"online":false},{"id":5,"name":"Pink","roblox_username":null,"avatar":"https://image2url.com/r2/default/images/1771328542648-108abba7-08f3-44d2-8b7b-c9d88f588915.png","last_heartbeat":null,"enabled":true,"online":false},{"id":6,"name":"Divine","roblox_username":null,"avatar":"https://image2url.com/r2/default/images/1771414347024-54931f98-6fa2-4bbd-be55-7676b4417a0e.png","last_heartbeat":null,"enabled":true,"online":false},{"id":7,"name":"Barno","roblox_username":null,"avatar":"https://image2url.com/r2/default/images/1771328468399-b1498ac6-d166-4dc7-a0b6-3f02e422c24d.png","last_heartbeat":null,"enabled":true,"online":false},{"id":8,"name":"TRAV_ABC","roblox_username":null,"avatar":"https://image2url.com/r2/default/images/1771197795125-a93434e2-fe3c-47f3-9c93-e0f1178c2741.png","last_heartbeat":null,"enabled":true,"online":false},{"id":9,"name":"TRAV_DEF","roblox_username":null,"avatar":... [truncated]
2026-02-21T16:15:14.747Z [network][GET 200] /api/bot/heartbeat
  response: {"bots":[{"id":1,"name":"Trav_ABC","roblox_username":null,"avatar":"https://slelguoygbfzlpylpxfs.supabase.co/storage/v1/render/image/public/project-uploads/e493a9e9-cb10-474b-b970-6c6f2509ebfd/image-1771690215483.png?width=8000&height=8000&resize=contain","last_heartbeat":null,"enabled":true,"online":false},{"id":2,"name":"Trav_DEF","roblox_username":null,"avatar":"https://slelguoygbfzlpylpxfs.supabase.co/storage/v1/render/image/public/project-uploads/e493a9e9-cb10-474b-b970-6c6f2509ebfd/image-1771690215483.png?width=8000&height=8000&resize=contain","last_heartbeat":null,"enabled":true,"online":false},{"id":3,"name":"Trav_GHI","roblox_username":null,"avatar":"https://slelguoygbfzlpylpxfs.supabase.co/storage/v1/render/image/public/project-uploads/e493a9e9-cb10-474b-b970-6c6f2509ebfd/image-1771690215483.png?width=8000&height=8000&resize=contain","last_heartbeat":null,"enabled":true,"online":false},{"id":4,"name":"C. Johnson","roblox_username":null,"avatar":"https://image2url.com/r2/default/images/1771197119360-e84ac26a-277f-436f-bec7-e3294b0d4110.png","last_heartbeat":null,"enabled":true,"online":false},{"id":5,"name":"Pink","roblox_username":null,"avatar":"https://image2url.com/r2/default/images/1771328542648-108abba7-08f3-44d2-8b7b-c9d88f588915.png","last_heartbeat":null,"enabled":true,"online":false},{"id":6,"name":"Divine","roblox_username":null,"avatar":"https://image2url.com/r2/default/images/1771414347024-54931f98-6fa2-4bbd-be55-7676b4417a0e.png","last_heartbeat":null,"enabled":true,"online":false},{"id":7,"name":"Barno","roblox_username":null,"avatar":"https://image2url.com/r2/default/images/1771328468399-b1498ac6-d166-4dc7-a0b6-3f02e422c24d.png","last_heartbeat":null,"enabled":true,"online":false},{"id":8,"name":"TRAV_ABC","roblox_username":null,"avatar":"https://image2url.com/r2/default/images/1771197795125-a93434e2-fe3c-47f3-9c93-e0f1178c2741.png","last_heartbeat":null,"enabled":true,"online":false},{"id":9,"name":"TRAV_DEF","roblox_username":null,"avatar":... [truncated]
2026-02-21T16:15:43.670Z [network][GET 200] /api/bot/heartbeat
  response: {"bots":[{"id":1,"name":"Trav_ABC","roblox_username":null,"avatar":"https://slelguoygbfzlpylpxfs.supabase.co/storage/v1/render/image/public/project-uploads/e493a9e9-cb10-474b-b970-6c6f2509ebfd/image-1771690215483.png?width=8000&height=8000&resize=contain","last_heartbeat":null,"enabled":true,"online":false},{"id":2,"name":"Trav_DEF","roblox_username":null,"avatar":"https://slelguoygbfzlpylpxfs.supabase.co/storage/v1/render/image/public/project-uploads/e493a9e9-cb10-474b-b970-6c6f2509ebfd/image-1771690215483.png?width=8000&height=8000&resize=contain","last_heartbeat":null,"enabled":true,"online":false},{"id":3,"name":"Trav_GHI","roblox_username":null,"avatar":"https://slelguoygbfzlpylpxfs.supabase.co/storage/v1/render/image/public/project-uploads/e493a9e9-cb10-474b-b970-6c6f2509ebfd/image-1771690215483.png?width=8000&height=8000&resize=contain","last_heartbeat":null,"enabled":true,"online":false},{"id":4,"name":"C. Johnson","roblox_username":null,"avatar":"https://image2url.com/r2/default/images/1771197119360-e84ac26a-277f-436f-bec7-e3294b0d4110.png","last_heartbeat":null,"enabled":true,"online":false},{"id":5,"name":"Pink","roblox_username":null,"avatar":"https://image2url.com/r2/default/images/1771328542648-108abba7-08f3-44d2-8b7b-c9d88f588915.png","last_heartbeat":null,"enabled":true,"online":false},{"id":6,"name":"Divine","roblox_username":null,"avatar":"https://image2url.com/r2/default/images/1771414347024-54931f98-6fa2-4bbd-be55-7676b4417a0e.png","last_heartbeat":null,"enabled":true,"online":false},{"id":7,"name":"Barno","roblox_username":null,"avatar":"https://image2url.com/r2/default/images/1771328468399-b1498ac6-d166-4dc7-a0b6-3f02e422c24d.png","last_heartbeat":null,"enabled":true,"online":false},{"id":8,"name":"TRAV_ABC","roblox_username":null,"avatar":"https://image2url.com/r2/default/images/1771197795125-a93434e2-fe3c-47f3-9c93-e0f1178c2741.png","last_heartbeat":null,"enabled":true,"online":false},{"id":9,"name":"TRAV_DEF","roblox_username":null,"avatar":... [truncated]
2026-02-21T16:16:13.707Z [network][GET 200] /api/bot/heartbeat
  response: {"bots":[{"id":1,"name":"Trav_ABC","roblox_username":null,"avatar":"https://slelguoygbfzlpylpxfs.supabase.co/storage/v1/render/image/public/project-uploads/e493a9e9-cb10-474b-b970-6c6f2509ebfd/image-1771690215483.png?width=8000&height=8000&resize=contain","last_heartbeat":null,"enabled":true,"online":false},{"id":2,"name":"Trav_DEF","roblox_username":null,"avatar":"https://slelguoygbfzlpylpxfs.supabase.co/storage/v1/render/image/public/project-uploads/e493a9e9-cb10-474b-b970-6c6f2509ebfd/image-1771690215483.png?width=8000&height=8000&resize=contain","last_heartbeat":null,"enabled":true,"online":false},{"id":3,"name":"Trav_GHI","roblox_username":null,"avatar":"https://slelguoygbfzlpylpxfs.supabase.co/storage/v1/render/image/public/project-uploads/e493a9e9-cb10-474b-b970-6c6f2509ebfd/image-1771690215483.png?width=8000&height=8000&resize=contain","last_heartbeat":null,"enabled":true,"online":false},{"id":4,"name":"C. Johnson","roblox_username":null,"avatar":"https://image2url.com/r2/default/images/1771197119360-e84ac26a-277f-436f-bec7-e3294b0d4110.png","last_heartbeat":null,"enabled":true,"online":false},{"id":5,"name":"Pink","roblox_username":null,"avatar":"https://image2url.com/r2/default/images/1771328542648-108abba7-08f3-44d2-8b7b-c9d88f588915.png","last_heartbeat":null,"enabled":true,"online":false},{"id":6,"name":"Divine","roblox_username":null,"avatar":"https://image2url.com/r2/default/images/1771414347024-54931f98-6fa2-4bbd-be55-7676b4417a0e.png","last_heartbeat":null,"enabled":true,"online":false},{"id":7,"name":"Barno","roblox_username":null,"avatar":"https://image2url.com/r2/default/images/1771328468399-b1498ac6-d166-4dc7-a0b6-3f02e422c24d.png","last_heartbeat":null,"enabled":true,"online":false},{"id":8,"name":"TRAV_ABC","roblox_username":null,"avatar":"https://image2url.com/r2/default/images/1771197795125-a93434e2-fe3c-47f3-9c93-e0f1178c2741.png","last_heartbeat":null,"enabled":true,"online":false},{"id":9,"name":"TRAV_DEF","roblox_username":null,"avatar":... [truncated]
2026-02-21T16:16:53.639Z [network][GET 200] /api/bot/heartbeat
  response: {"bots":[{"id":1,"name":"Trav_ABC","roblox_username":null,"avatar":"https://slelguoygbfzlpylpxfs.supabase.co/storage/v1/render/image/public/project-uploads/e493a9e9-cb10-474b-b970-6c6f2509ebfd/image-1771690215483.png?width=8000&height=8000&resize=contain","last_heartbeat":null,"enabled":true,"online":false},{"id":2,"name":"Trav_DEF","roblox_username":null,"avatar":"https://slelguoygbfzlpylpxfs.supabase.co/storage/v1/render/image/public/project-uploads/e493a9e9-cb10-474b-b970-6c6f2509ebfd/image-1771690215483.png?width=8000&height=8000&resize=contain","last_heartbeat":null,"enabled":true,"online":false},{"id":3,"name":"Trav_GHI","roblox_username":null,"avatar":"https://slelguoygbfzlpylpxfs.supabase.co/storage/v1/render/image/public/project-uploads/e493a9e9-cb10-474b-b970-6c6f2509ebfd/image-1771690215483.png?width=8000&height=8000&resize=contain","last_heartbeat":null,"enabled":true,"online":false},{"id":4,"name":"C. Johnson","roblox_username":null,"avatar":"https://image2url.com/r2/default/images/1771197119360-e84ac26a-277f-436f-bec7-e3294b0d4110.png","last_heartbeat":null,"enabled":true,"online":false},{"id":5,"name":"Pink","roblox_username":null,"avatar":"https://image2url.com/r2/default/images/1771328542648-108abba7-08f3-44d2-8b7b-c9d88f588915.png","last_heartbeat":null,"enabled":true,"online":false},{"id":6,"name":"Divine","roblox_username":null,"avatar":"https://image2url.com/r2/default/images/1771414347024-54931f98-6fa2-4bbd-be55-7676b4417a0e.png","last_heartbeat":null,"enabled":true,"online":false},{"id":7,"name":"Barno","roblox_username":null,"avatar":"https://image2url.com/r2/default/images/1771328468399-b1498ac6-d166-4dc7-a0b6-3f02e422c24d.png","last_heartbeat":null,"enabled":true,"online":false},{"id":8,"name":"TRAV_ABC","roblox_username":null,"avatar":"https://image2url.com/r2/default/images/1771197795125-a93434e2-fe3c-47f3-9c93-e0f1178c2741.png","last_heartbeat":null,"enabled":true,"online":false},{"id":9,"name":"TRAV_DEF","roblox_username":null,"avatar":... [truncated]
2026-02-21T16:17:54.518Z [network][GET 200] /api/bot/heartbeat
  response: {"bots":[{"id":1,"name":"Trav_ABC","roblox_username":null,"avatar":"https://slelguoygbfzlpylpxfs.supabase.co/storage/v1/render/image/public/project-uploads/e493a9e9-cb10-474b-b970-6c6f2509ebfd/image-1771690215483.png?width=8000&height=8000&resize=contain","last_heartbeat":null,"enabled":true,"online":false},{"id":2,"name":"Trav_DEF","roblox_username":null,"avatar":"https://slelguoygbfzlpylpxfs.supabase.co/storage/v1/render/image/public/project-uploads/e493a9e9-cb10-474b-b970-6c6f2509ebfd/image-1771690215483.png?width=8000&height=8000&resize=contain","last_heartbeat":null,"enabled":true,"online":false},{"id":3,"name":"Trav_GHI","roblox_username":null,"avatar":"https://slelguoygbfzlpylpxfs.supabase.co/storage/v1/render/image/public/project-uploads/e493a9e9-cb10-474b-b970-6c6f2509ebfd/image-1771690215483.png?width=8000&height=8000&resize=contain","last_heartbeat":null,"enabled":true,"online":false},{"id":4,"name":"C. Johnson","roblox_username":null,"avatar":"https://image2url.com/r2/default/images/1771197119360-e84ac26a-277f-436f-bec7-e3294b0d4110.png","last_heartbeat":null,"enabled":true,"online":false},{"id":5,"name":"Pink","roblox_username":null,"avatar":"https://image2url.com/r2/default/images/1771328542648-108abba7-08f3-44d2-8b7b-c9d88f588915.png","last_heartbeat":null,"enabled":true,"online":false},{"id":6,"name":"Divine","roblox_username":null,"avatar":"https://image2url.com/r2/default/images/1771414347024-54931f98-6fa2-4bbd-be55-7676b4417a0e.png","last_heartbeat":null,"enabled":true,"online":false},{"id":7,"name":"Barno","roblox_username":null,"avatar":"https://image2url.com/r2/default/images/1771328468399-b1498ac6-d166-4dc7-a0b6-3f02e422c24d.png","last_heartbeat":null,"enabled":true,"online":false},{"id":8,"name":"TRAV_ABC","roblox_username":null,"avatar":"https://image2url.com/r2/default/images/1771197795125-a93434e2-fe3c-47f3-9c93-e0f1178c2741.png","last_heartbeat":null,"enabled":true,"online":false},{"id":9,"name":"TRAV_DEF","roblox_username":null,"avatar":... [truncated]
2026-02-21T16:18:54.619Z [network][GET 200] /api/bot/heartbeat
  response: {"bots":[{"id":1,"name":"Trav_ABC","roblox_username":null,"avatar":"https://slelguoygbfzlpylpxfs.supabase.co/storage/v1/render/image/public/project-uploads/e493a9e9-cb10-474b-b970-6c6f2509ebfd/image-1771690215483.png?width=8000&height=8000&resize=contain","last_heartbeat":null,"enabled":true,"online":false},{"id":2,"name":"Trav_DEF","roblox_username":null,"avatar":"https://slelguoygbfzlpylpxfs.supabase.co/storage/v1/render/image/public/project-uploads/e493a9e9-cb10-474b-b970-6c6f2509ebfd/image-1771690215483.png?width=8000&height=8000&resize=contain","last_heartbeat":null,"enabled":true,"online":false},{"id":3,"name":"Trav_GHI","roblox_username":null,"avatar":"https://slelguoygbfzlpylpxfs.supabase.co/storage/v1/render/image/public/project-uploads/e493a9e9-cb10-474b-b970-6c6f2509ebfd/image-1771690215483.png?width=8000&height=8000&resize=contain","last_heartbeat":null,"enabled":true,"online":false},{"id":4,"name":"C. Johnson","roblox_username":null,"avatar":"https://image2url.com/r2/default/images/1771197119360-e84ac26a-277f-436f-bec7-e3294b0d4110.png","last_heartbeat":null,"enabled":true,"online":false},{"id":5,"name":"Pink","roblox_username":null,"avatar":"https://image2url.com/r2/default/images/1771328542648-108abba7-08f3-44d2-8b7b-c9d88f588915.png","last_heartbeat":null,"enabled":true,"online":false},{"id":6,"name":"Divine","roblox_username":null,"avatar":"https://image2url.com/r2/default/images/1771414347024-54931f98-6fa2-4bbd-be55-7676b4417a0e.png","last_heartbeat":null,"enabled":true,"online":false},{"id":7,"name":"Barno","roblox_username":null,"avatar":"https://image2url.com/r2/default/images/1771328468399-b1498ac6-d166-4dc7-a0b6-3f02e422c24d.png","last_heartbeat":null,"enabled":true,"online":false},{"id":8,"name":"TRAV_ABC","roblox_username":null,"avatar":"https://image2url.com/r2/default/images/1771197795125-a93434e2-fe3c-47f3-9c93-e0f1178c2741.png","last_heartbeat":null,"enabled":true,"online":false},{"id":9,"name":"TRAV_DEF","roblox_username":null,"avatar":... [truncated]
2026-02-21T16:19:54.544Z [network][GET 200] /api/bot/heartbeat
  response: {"bots":[{"id":1,"name":"Trav_ABC","roblox_username":null,"avatar":"https://slelguoygbfzlpylpxfs.supabase.co/storage/v1/render/image/public/project-uploads/e493a9e9-cb10-474b-b970-6c6f2509ebfd/image-1771690215483.png?width=8000&height=8000&resize=contain","last_heartbeat":null,"enabled":true,"online":false},{"id":2,"name":"Trav_DEF","roblox_username":null,"avatar":"https://slelguoygbfzlpylpxfs.supabase.co/storage/v1/render/image/public/project-uploads/e493a9e9-cb10-474b-b970-6c6f2509ebfd/image-1771690215483.png?width=8000&height=8000&resize=contain","last_heartbeat":null,"enabled":true,"online":false},{"id":3,"name":"Trav_GHI","roblox_username":null,"avatar":"https://slelguoygbfzlpylpxfs.supabase.co/storage/v1/render/image/public/project-uploads/e493a9e9-cb10-474b-b970-6c6f2509ebfd/image-1771690215483.png?width=8000&height=8000&resize=contain","last_heartbeat":null,"enabled":true,"online":false},{"id":4,"name":"C. Johnson","roblox_username":null,"avatar":"https://image2url.com/r2/default/images/1771197119360-e84ac26a-277f-436f-bec7-e3294b0d4110.png","last_heartbeat":null,"enabled":true,"online":false},{"id":5,"name":"Pink","roblox_username":null,"avatar":"https://image2url.com/r2/default/images/1771328542648-108abba7-08f3-44d2-8b7b-c9d88f588915.png","last_heartbeat":null,"enabled":true,"online":false},{"id":6,"name":"Divine","roblox_username":null,"avatar":"https://image2url.com/r2/default/images/1771414347024-54931f98-6fa2-4bbd-be55-7676b4417a0e.png","last_heartbeat":null,"enabled":true,"online":false},{"id":7,"name":"Barno","roblox_username":null,"avatar":"https://image2url.com/r2/default/images/1771328468399-b1498ac6-d166-4dc7-a0b6-3f02e422c24d.png","last_heartbeat":null,"enabled":true,"online":false},{"id":8,"name":"TRAV_ABC","roblox_username":null,"avatar":"https://image2url.com/r2/default/images/1771197795125-a93434e2-fe3c-47f3-9c93-e0f1178c2741.png","last_heartbeat":null,"enabled":true,"online":false},{"id":9,"name":"TRAV_DEF","roblox_username":null,"avatar":... [truncated]
2026-02-21T16:20:54.012Z [network][GET 200] /api/bot/heartbeat
  response: {"bots":[{"id":1,"name":"Trav_ABC","roblox_username":null,"avatar":"https://slelguoygbfzlpylpxfs.supabase.co/storage/v1/render/image/public/project-uploads/e493a9e9-cb10-474b-b970-6c6f2509ebfd/image-1771690215483.png?width=8000&height=8000&resize=contain","last_heartbeat":null,"enabled":true,"online":false},{"id":2,"name":"Trav_DEF","roblox_username":null,"avatar":"https://slelguoygbfzlpylpxfs.supabase.co/storage/v1/render/image/public/project-uploads/e493a9e9-cb10-474b-b970-6c6f2509ebfd/image-1771690215483.png?width=8000&height=8000&resize=contain","last_heartbeat":null,"enabled":true,"online":false},{"id":3,"name":"Trav_GHI","roblox_username":null,"avatar":"https://slelguoygbfzlpylpxfs.supabase.co/storage/v1/render/image/public/project-uploads/e493a9e9-cb10-474b-b970-6c6f2509ebfd/image-1771690215483.png?width=8000&height=8000&resize=contain","last_heartbeat":null,"enabled":true,"online":false},{"id":4,"name":"C. Johnson","roblox_username":null,"avatar":"https://image2url.com/r2/default/images/1771197119360-e84ac26a-277f-436f-bec7-e3294b0d4110.png","last_heartbeat":null,"enabled":true,"online":false},{"id":5,"name":"Pink","roblox_username":null,"avatar":"https://image2url.com/r2/default/images/1771328542648-108abba7-08f3-44d2-8b7b-c9d88f588915.png","last_heartbeat":null,"enabled":true,"online":false},{"id":6,"name":"Divine","roblox_username":null,"avatar":"https://image2url.com/r2/default/images/1771414347024-54931f98-6fa2-4bbd-be55-7676b4417a0e.png","last_heartbeat":null,"enabled":true,"online":false},{"id":7,"name":"Barno","roblox_username":null,"avatar":"https://image2url.com/r2/default/images/1771328468399-b1498ac6-d166-4dc7-a0b6-3f02e422c24d.png","last_heartbeat":null,"enabled":true,"online":false},{"id":8,"name":"TRAV_ABC","roblox_username":null,"avatar":"https://image2url.com/r2/default/images/1771197795125-a93434e2-fe3c-47f3-9c93-e0f1178c2741.png","last_heartbeat":null,"enabled":true,"online":false},{"id":9,"name":"TRAV_DEF","roblox_username":null,"avatar":... [truncated]
2026-02-21T16:21:54.584Z [network][GET 200] /api/bot/heartbeat
  response: {"bots":[{"id":1,"name":"Trav_ABC","roblox_username":null,"avatar":"https://slelguoygbfzlpylpxfs.supabase.co/storage/v1/render/image/public/project-uploads/e493a9e9-cb10-474b-b970-6c6f2509ebfd/image-1771690215483.png?width=8000&height=8000&resize=contain","last_heartbeat":null,"enabled":true,"online":false},{"id":2,"name":"Trav_DEF","roblox_username":null,"avatar":"https://slelguoygbfzlpylpxfs.supabase.co/storage/v1/render/image/public/project-uploads/e493a9e9-cb10-474b-b970-6c6f2509ebfd/image-1771690215483.png?width=8000&height=8000&resize=contain","last_heartbeat":null,"enabled":true,"online":false},{"id":3,"name":"Trav_GHI","roblox_username":null,"avatar":"https://slelguoygbfzlpylpxfs.supabase.co/storage/v1/render/image/public/project-uploads/e493a9e9-cb10-474b-b970-6c6f2509ebfd/image-1771690215483.png?width=8000&height=8000&resize=contain","last_heartbeat":null,"enabled":true,"online":false},{"id":4,"name":"C. Johnson","roblox_username":null,"avatar":"https://image2url.com/r2/default/images/1771197119360-e84ac26a-277f-436f-bec7-e3294b0d4110.png","last_heartbeat":null,"enabled":true,"online":false},{"id":5,"name":"Pink","roblox_username":null,"avatar":"https://image2url.com/r2/default/images/1771328542648-108abba7-08f3-44d2-8b7b-c9d88f588915.png","last_heartbeat":null,"enabled":true,"online":false},{"id":6,"name":"Divine","roblox_username":null,"avatar":"https://image2url.com/r2/default/images/1771414347024-54931f98-6fa2-4bbd-be55-7676b4417a0e.png","last_heartbeat":null,"enabled":true,"online":false},{"id":7,"name":"Barno","roblox_username":null,"avatar":"https://image2url.com/r2/default/images/1771328468399-b1498ac6-d166-4dc7-a0b6-3f02e422c24d.png","last_heartbeat":null,"enabled":true,"online":false},{"id":8,"name":"TRAV_ABC","roblox_username":null,"avatar":"https://image2url.com/r2/default/images/1771197795125-a93434e2-fe3c-47f3-9c93-e0f1178c2741.png","last_heartbeat":null,"enabled":true,"online":false},{"id":9,"name":"TRAV_DEF","roblox_username":null,"avatar":... [truncated]
2026-02-21T16:22:59.113Z [network][GET 200] /api/bot/heartbeat
  response: {"bots":[{"id":1,"name":"Trav_ABC","roblox_username":null,"avatar":"https://slelguoygbfzlpylpxfs.supabase.co/storage/v1/render/image/public/project-uploads/e493a9e9-cb10-474b-b970-6c6f2509ebfd/image-1771690215483.png?width=8000&height=8000&resize=contain","last_heartbeat":null,"enabled":true,"online":false},{"id":2,"name":"Trav_DEF","roblox_username":null,"avatar":"https://slelguoygbfzlpylpxfs.supabase.co/storage/v1/render/image/public/project-uploads/e493a9e9-cb10-474b-b970-6c6f2509ebfd/image-1771690215483.png?width=8000&height=8000&resize=contain","last_heartbeat":null,"enabled":true,"online":false},{"id":3,"name":"Trav_GHI","roblox_username":null,"avatar":"https://slelguoygbfzlpylpxfs.supabase.co/storage/v1/render/image/public/project-uploads/e493a9e9-cb10-474b-b970-6c6f2509ebfd/image-1771690215483.png?width=8000&height=8000&resize=contain","last_heartbeat":null,"enabled":true,"online":false},{"id":4,"name":"C. Johnson","roblox_username":null,"avatar":"https://image2url.com/r2/default/images/1771197119360-e84ac26a-277f-436f-bec7-e3294b0d4110.png","last_heartbeat":null,"enabled":true,"online":false},{"id":5,"name":"Pink","roblox_username":null,"avatar":"https://image2url.com/r2/default/images/1771328542648-108abba7-08f3-44d2-8b7b-c9d88f588915.png","last_heartbeat":null,"enabled":true,"online":false},{"id":6,"name":"Divine","roblox_username":null,"avatar":"https://image2url.com/r2/default/images/1771414347024-54931f98-6fa2-4bbd-be55-7676b4417a0e.png","last_heartbeat":null,"enabled":true,"online":false},{"id":7,"name":"Barno","roblox_username":null,"avatar":"https://image2url.com/r2/default/images/1771328468399-b1498ac6-d166-4dc7-a0b6-3f02e422c24d.png","last_heartbeat":null,"enabled":true,"online":false},{"id":8,"name":"TRAV_ABC","roblox_username":null,"avatar":"https://image2url.com/r2/default/images/1771197795125-a93434e2-fe3c-47f3-9c93-e0f1178c2741.png","last_heartbeat":null,"enabled":true,"online":false},{"id":9,"name":"TRAV_DEF","roblox_username":null,"avatar":... [truncated]
2026-02-21T16:23:53.975Z [network][GET 200] /api/bot/heartbeat
  response: {"bots":[{"id":1,"name":"Trav_ABC","roblox_username":null,"avatar":"https://slelguoygbfzlpylpxfs.supabase.co/storage/v1/render/image/public/project-uploads/e493a9e9-cb10-474b-b970-6c6f2509ebfd/image-1771690215483.png?width=8000&height=8000&resize=contain","last_heartbeat":null,"enabled":true,"online":false},{"id":2,"name":"Trav_DEF","roblox_username":null,"avatar":"https://slelguoygbfzlpylpxfs.supabase.co/storage/v1/render/image/public/project-uploads/e493a9e9-cb10-474b-b970-6c6f2509ebfd/image-1771690215483.png?width=8000&height=8000&resize=contain","last_heartbeat":null,"enabled":true,"online":false},{"id":3,"name":"Trav_GHI","roblox_username":null,"avatar":"https://slelguoygbfzlpylpxfs.supabase.co/storage/v1/render/image/public/project-uploads/e493a9e9-cb10-474b-b970-6c6f2509ebfd/image-1771690215483.png?width=8000&height=8000&resize=contain","last_heartbeat":null,"enabled":true,"online":false},{"id":4,"name":"C. Johnson","roblox_username":null,"avatar":"https://image2url.com/r2/default/images/1771197119360-e84ac26a-277f-436f-bec7-e3294b0d4110.png","last_heartbeat":null,"enabled":true,"online":false},{"id":5,"name":"Pink","roblox_username":null,"avatar":"https://image2url.com/r2/default/images/1771328542648-108abba7-08f3-44d2-8b7b-c9d88f588915.png","last_heartbeat":null,"enabled":true,"online":false},{"id":6,"name":"Divine","roblox_username":null,"avatar":"https://image2url.com/r2/default/images/1771414347024-54931f98-6fa2-4bbd-be55-7676b4417a0e.png","last_heartbeat":null,"enabled":true,"online":false},{"id":7,"name":"Barno","roblox_username":null,"avatar":"https://image2url.com/r2/default/images/1771328468399-b1498ac6-d166-4dc7-a0b6-3f02e422c24d.png","last_heartbeat":null,"enabled":true,"online":false},{"id":8,"name":"TRAV_ABC","roblox_username":null,"avatar":"https://image2url.com/r2/default/images/1771197795125-a93434e2-fe3c-47f3-9c93-e0f1178c2741.png","last_heartbeat":null,"enabled":true,"online":false},{"id":9,"name":"TRAV_DEF","roblox_username":null,"avatar":... [truncated]
2026-02-21T16:25:54.050Z [network][GET 200] /api/bot/heartbeat
  response: {"bots":[{"id":1,"name":"Trav_ABC","roblox_username":null,"avatar":"https://slelguoygbfzlpylpxfs.supabase.co/storage/v1/render/image/public/project-uploads/e493a9e9-cb10-474b-b970-6c6f2509ebfd/image-1771690215483.png?width=8000&height=8000&resize=contain","last_heartbeat":"2026-02-21T16:24:42.908227+00:00","enabled":true,"online":false},{"id":2,"name":"Trav_DEF","roblox_username":null,"avatar":"https://slelguoygbfzlpylpxfs.supabase.co/storage/v1/render/image/public/project-uploads/e493a9e9-cb10-474b-b970-6c6f2509ebfd/image-1771690215483.png?width=8000&height=8000&resize=contain","last_heartbeat":"2026-02-21T16:24:42.908227+00:00","enabled":true,"online":false},{"id":3,"name":"Trav_GHI","roblox_username":null,"avatar":"https://slelguoygbfzlpylpxfs.supabase.co/storage/v1/render/image/public/project-uploads/e493a9e9-cb10-474b-b970-6c6f2509ebfd/image-1771690215483.png?width=8000&height=8000&resize=contain","last_heartbeat":"2026-02-21T16:24:42.908227+00:00","enabled":true,"online":false},{"id":4,"name":"C. Johnson","roblox_username":null,"avatar":"https://image2url.com/r2/default/images/1771197119360-e84ac26a-277f-436f-bec7-e3294b0d4110.png","last_heartbeat":null,"enabled":true,"online":false},{"id":5,"name":"Pink","roblox_username":null,"avatar":"https://image2url.com/r2/default/images/1771328542648-108abba7-08f3-44d2-8b7b-c9d88f588915.png","last_heartbeat":null,"enabled":true,"online":false},{"id":6,"name":"Divine","roblox_username":null,"avatar":"https://image2url.com/r2/default/images/1771414347024-54931f98-6fa2-4bbd-be55-7676b4417a0e.png","last_heartbeat":null,"enabled":true,"online":false},{"id":7,"name":"Barno","roblox_username":null,"avatar":"https://image2url.com/r2/default/images/1771328468399-b1498ac6-d166-4dc7-a0b6-3f02e422c24d.png","last_heartbeat":null,"enabled":true,"online":false},{"id":8,"name":"TRAV_ABC","roblox_username":null,"avatar":"https://image2url.com/r2/default/images/1771197795125-a93434e2-fe3c-47f3-9c93-e0f1178c2741.png","last_heartbeat":null... [truncated]
2026-02-21T16:26:53.840Z [network][GET 200] /api/bot/heartbeat
  response: {"bots":[{"id":1,"name":"Trav_ABC","roblox_username":null,"avatar":"https://slelguoygbfzlpylpxfs.supabase.co/storage/v1/render/image/public/project-uploads/e493a9e9-cb10-474b-b970-6c6f2509ebfd/image-1771690215483.png?width=8000&height=8000&resize=contain","last_heartbeat":"2026-02-21T16:24:42.908227+00:00","enabled":true,"online":true},{"id":2,"name":"Trav_DEF","roblox_username":null,"avatar":"https://slelguoygbfzlpylpxfs.supabase.co/storage/v1/render/image/public/project-uploads/e493a9e9-cb10-474b-b970-6c6f2509ebfd/image-1771690215483.png?width=8000&height=8000&resize=contain","last_heartbeat":"2026-02-21T16:24:42.908227+00:00","enabled":true,"online":true},{"id":3,"name":"Trav_GHI","roblox_username":null,"avatar":"https://slelguoygbfzlpylpxfs.supabase.co/storage/v1/render/image/public/project-uploads/e493a9e9-cb10-474b-b970-6c6f2509ebfd/image-1771690215483.png?width=8000&height=8000&resize=contain","last_heartbeat":"2026-02-21T16:24:42.908227+00:00","enabled":true,"online":true},{"id":4,"name":"C. Johnson","roblox_username":null,"avatar":"https://image2url.com/r2/default/images/1771197119360-e84ac26a-277f-436f-bec7-e3294b0d4110.png","last_heartbeat":null,"enabled":true,"online":false},{"id":5,"name":"Pink","roblox_username":null,"avatar":"https://image2url.com/r2/default/images/1771328542648-108abba7-08f3-44d2-8b7b-c9d88f588915.png","last_heartbeat":null,"enabled":true,"online":false},{"id":6,"name":"Divine","roblox_username":null,"avatar":"https://image2url.com/r2/default/images/1771414347024-54931f98-6fa2-4bbd-be55-7676b4417a0e.png","last_heartbeat":null,"enabled":true,"online":false},{"id":7,"name":"Barno","roblox_username":null,"avatar":"https://image2url.com/r2/default/images/1771328468399-b1498ac6-d166-4dc7-a0b6-3f02e422c24d.png","last_heartbeat":null,"enabled":true,"online":false},{"id":8,"name":"TRAV_ABC","roblox_username":null,"avatar":"https://image2url.com/r2/default/images/1771197795125-a93434e2-fe3c-47f3-9c93-e0f1178c2741.png","last_heartbeat":null,"e... [truncated]
2026-02-21T16:30:32.897Z [network][GET 200] /api/bot/heartbeat
  response: {"bots":[{"id":1,"name":"Trav_ABC","roblox_username":null,"avatar":"https://slelguoygbfzlpylpxfs.supabase.co/storage/v1/render/image/public/project-uploads/e493a9e9-cb10-474b-b970-6c6f2509ebfd/image-1771690215483.png?width=8000&height=8000&resize=contain","last_heartbeat":null,"enabled":true,"online":false},{"id":2,"name":"Trav_DEF","roblox_username":null,"avatar":"https://slelguoygbfzlpylpxfs.supabase.co/storage/v1/render/image/public/project-uploads/e493a9e9-cb10-474b-b970-6c6f2509ebfd/image-1771690215483.png?width=8000&height=8000&resize=contain","last_heartbeat":null,"enabled":true,"online":false},{"id":3,"name":"Trav_GHI","roblox_username":null,"avatar":"https://slelguoygbfzlpylpxfs.supabase.co/storage/v1/render/image/public/project-uploads/e493a9e9-cb10-474b-b970-6c6f2509ebfd/image-1771690215483.png?width=8000&height=8000&resize=contain","last_heartbeat":null,"enabled":true,"online":false},{"id":4,"name":"C. Johnson","roblox_username":null,"avatar":"https://image2url.com/r2/default/images/1771197119360-e84ac26a-277f-436f-bec7-e3294b0d4110.png","last_heartbeat":null,"enabled":true,"online":false},{"id":5,"name":"Pink","roblox_username":null,"avatar":"https://image2url.com/r2/default/images/1771328542648-108abba7-08f3-44d2-8b7b-c9d88f588915.png","last_heartbeat":null,"enabled":true,"online":false},{"id":6,"name":"Divine","roblox_username":null,"avatar":"https://image2url.com/r2/default/images/1771414347024-54931f98-6fa2-4bbd-be55-7676b4417a0e.png","last_heartbeat":null,"enabled":true,"online":false},{"id":7,"name":"Barno","roblox_username":null,"avatar":"https://image2url.com/r2/default/images/1771328468399-b1498ac6-d166-4dc7-a0b6-3f02e422c24d.png","last_heartbeat":null,"enabled":true,"online":false},{"id":8,"name":"TRAV_ABC","roblox_username":null,"avatar":"https://image2url.com/r2/default/images/1771197795125-a93434e2-fe3c-47f3-9c93-e0f1178c2741.png","last_heartbeat":null,"enabled":true,"online":false},{"id":9,"name":"TRAV_DEF","roblox_username":null,"avatar":... [truncated]
2026-02-21T16:31:02.032Z [network][GET 200] /api/bot/heartbeat
  response: {"bots":[{"id":1,"name":"Trav_ABC","roblox_username":null,"avatar":"https://slelguoygbfzlpylpxfs.supabase.co/storage/v1/render/image/public/project-uploads/e493a9e9-cb10-474b-b970-6c6f2509ebfd/image-1771690215483.png?width=8000&height=8000&resize=contain","last_heartbeat":null,"enabled":true,"online":false},{"id":2,"name":"Trav_DEF","roblox_username":null,"avatar":"https://slelguoygbfzlpylpxfs.supabase.co/storage/v1/render/image/public/project-uploads/e493a9e9-cb10-474b-b970-6c6f2509ebfd/image-1771690215483.png?width=8000&height=8000&resize=contain","last_heartbeat":null,"enabled":true,"online":false},{"id":3,"name":"Trav_GHI","roblox_username":null,"avatar":"https://slelguoygbfzlpylpxfs.supabase.co/storage/v1/render/image/public/project-uploads/e493a9e9-cb10-474b-b970-6c6f2509ebfd/image-1771690215483.png?width=8000&height=8000&resize=contain","last_heartbeat":null,"enabled":true,"online":false},{"id":4,"name":"C. Johnson","roblox_username":null,"avatar":"https://image2url.com/r2/default/images/1771197119360-e84ac26a-277f-436f-bec7-e3294b0d4110.png","last_heartbeat":null,"enabled":true,"online":false},{"id":5,"name":"Pink","roblox_username":null,"avatar":"https://image2url.com/r2/default/images/1771328542648-108abba7-08f3-44d2-8b7b-c9d88f588915.png","last_heartbeat":null,"enabled":true,"online":false},{"id":6,"name":"Divine","roblox_username":null,"avatar":"https://image2url.com/r2/default/images/1771414347024-54931f98-6fa2-4bbd-be55-7676b4417a0e.png","last_heartbeat":null,"enabled":true,"online":false},{"id":7,"name":"Barno","roblox_username":null,"avatar":"https://image2url.com/r2/default/images/1771328468399-b1498ac6-d166-4dc7-a0b6-3f02e422c24d.png","last_heartbeat":null,"enabled":true,"online":false},{"id":8,"name":"TRAV_ABC","roblox_username":null,"avatar":"https://image2url.com/r2/default/images/1771197795125-a93434e2-fe3c-47f3-9c93-e0f1178c2741.png","last_heartbeat":null,"enabled":true,"online":false},{"id":9,"name":"TRAV_DEF","roblox_username":null,"avatar":... [truncated]
2026-02-21T16:31:33.929Z [network][GET 200] /api/bot/heartbeat
  response: {"bots":[{"id":1,"name":"Trav_ABC","roblox_username":null,"avatar":"https://slelguoygbfzlpylpxfs.supabase.co/storage/v1/render/image/public/project-uploads/e493a9e9-cb10-474b-b970-6c6f2509ebfd/image-1771690215483.png?width=8000&height=8000&resize=contain","last_heartbeat":null,"enabled":true,"online":false},{"id":2,"name":"Trav_DEF","roblox_username":null,"avatar":"https://slelguoygbfzlpylpxfs.supabase.co/storage/v1/render/image/public/project-uploads/e493a9e9-cb10-474b-b970-6c6f2509ebfd/image-1771690215483.png?width=8000&height=8000&resize=contain","last_heartbeat":null,"enabled":true,"online":false},{"id":3,"name":"Trav_GHI","roblox_username":null,"avatar":"https://slelguoygbfzlpylpxfs.supabase.co/storage/v1/render/image/public/project-uploads/e493a9e9-cb10-474b-b970-6c6f2509ebfd/image-1771690215483.png?width=8000&height=8000&resize=contain","last_heartbeat":null,"enabled":true,"online":false},{"id":4,"name":"C. Johnson","roblox_username":null,"avatar":"https://image2url.com/r2/default/images/1771197119360-e84ac26a-277f-436f-bec7-e3294b0d4110.png","last_heartbeat":null,"enabled":true,"online":false},{"id":5,"name":"Pink","roblox_username":null,"avatar":"https://image2url.com/r2/default/images/1771328542648-108abba7-08f3-44d2-8b7b-c9d88f588915.png","last_heartbeat":null,"enabled":true,"online":false},{"id":6,"name":"Divine","roblox_username":null,"avatar":"https://image2url.com/r2/default/images/1771414347024-54931f98-6fa2-4bbd-be55-7676b4417a0e.png","last_heartbeat":null,"enabled":true,"online":false},{"id":7,"name":"Barno","roblox_username":null,"avatar":"https://image2url.com/r2/default/images/1771328468399-b1498ac6-d166-4dc7-a0b6-3f02e422c24d.png","last_heartbeat":null,"enabled":true,"online":false},{"id":8,"name":"TRAV_ABC","roblox_username":null,"avatar":"https://image2url.com/r2/default/images/1771197795125-a93434e2-fe3c-47f3-9c93-e0f1178c2741.png","last_heartbeat":null,"enabled":true,"online":false},{"id":9,"name":"TRAV_DEF","roblox_username":null,"avatar":... [truncated]
2026-02-21T16:32:01.104Z [network][GET 200] /api/bot/heartbeat
  response: {"bots":[{"id":1,"name":"Trav_ABC","roblox_username":null,"avatar":"https://slelguoygbfzlpylpxfs.supabase.co/storage/v1/render/image/public/project-uploads/e493a9e9-cb10-474b-b970-6c6f2509ebfd/image-1771690215483.png?width=8000&height=8000&resize=contain","last_heartbeat":null,"enabled":true,"online":false},{"id":2,"name":"Trav_DEF","roblox_username":null,"avatar":"https://slelguoygbfzlpylpxfs.supabase.co/storage/v1/render/image/public/project-uploads/e493a9e9-cb10-474b-b970-6c6f2509ebfd/image-1771690215483.png?width=8000&height=8000&resize=contain","last_heartbeat":null,"enabled":true,"online":false},{"id":3,"name":"Trav_GHI","roblox_username":null,"avatar":"https://slelguoygbfzlpylpxfs.supabase.co/storage/v1/render/image/public/project-uploads/e493a9e9-cb10-474b-b970-6c6f2509ebfd/image-1771690215483.png?width=8000&height=8000&resize=contain","last_heartbeat":null,"enabled":true,"online":false},{"id":4,"name":"C. Johnson","roblox_username":null,"avatar":"https://image2url.com/r2/default/images/1771197119360-e84ac26a-277f-436f-bec7-e3294b0d4110.png","last_heartbeat":null,"enabled":true,"online":false},{"id":5,"name":"Pink","roblox_username":null,"avatar":"https://image2url.com/r2/default/images/1771328542648-108abba7-08f3-44d2-8b7b-c9d88f588915.png","last_heartbeat":null,"enabled":true,"online":false},{"id":6,"name":"Divine","roblox_username":null,"avatar":"https://image2url.com/r2/default/images/1771414347024-54931f98-6fa2-4bbd-be55-7676b4417a0e.png","last_heartbeat":null,"enabled":true,"online":false},{"id":7,"name":"Barno","roblox_username":null,"avatar":"https://image2url.com/r2/default/images/1771328468399-b1498ac6-d166-4dc7-a0b6-3f02e422c24d.png","last_heartbeat":null,"enabled":true,"online":false},{"id":8,"name":"TRAV_ABC","roblox_username":null,"avatar":"https://image2url.com/r2/default/images/1771197795125-a93434e2-fe3c-47f3-9c93-e0f1178c2741.png","last_heartbeat":null,"enabled":true,"online":false},{"id":9,"name":"TRAV_DEF","roblox_username":null,"avatar":... [truncated]
2026-02-21T16:32:31.754Z [network][GET 200] /api/bot/heartbeat
  response: {"bots":[{"id":1,"name":"Trav_ABC","roblox_username":null,"avatar":"https://slelguoygbfzlpylpxfs.supabase.co/storage/v1/render/image/public/project-uploads/e493a9e9-cb10-474b-b970-6c6f2509ebfd/image-1771690215483.png?width=8000&height=8000&resize=contain","last_heartbeat":null,"enabled":true,"online":false},{"id":2,"name":"Trav_DEF","roblox_username":null,"avatar":"https://slelguoygbfzlpylpxfs.supabase.co/storage/v1/render/image/public/project-uploads/e493a9e9-cb10-474b-b970-6c6f2509ebfd/image-1771690215483.png?width=8000&height=8000&resize=contain","last_heartbeat":null,"enabled":true,"online":false},{"id":3,"name":"Trav_GHI","roblox_username":null,"avatar":"https://slelguoygbfzlpylpxfs.supabase.co/storage/v1/render/image/public/project-uploads/e493a9e9-cb10-474b-b970-6c6f2509ebfd/image-1771690215483.png?width=8000&height=8000&resize=contain","last_heartbeat":null,"enabled":true,"online":false},{"id":4,"name":"C. Johnson","roblox_username":null,"avatar":"https://image2url.com/r2/default/images/1771197119360-e84ac26a-277f-436f-bec7-e3294b0d4110.png","last_heartbeat":null,"enabled":true,"online":false},{"id":5,"name":"Pink","roblox_username":null,"avatar":"https://image2url.com/r2/default/images/1771328542648-108abba7-08f3-44d2-8b7b-c9d88f588915.png","last_heartbeat":null,"enabled":true,"online":false},{"id":6,"name":"Divine","roblox_username":null,"avatar":"https://image2url.com/r2/default/images/1771414347024-54931f98-6fa2-4bbd-be55-7676b4417a0e.png","last_heartbeat":null,"enabled":true,"online":false},{"id":7,"name":"Barno","roblox_username":null,"avatar":"https://image2url.com/r2/default/images/1771328468399-b1498ac6-d166-4dc7-a0b6-3f02e422c24d.png","last_heartbeat":null,"enabled":true,"online":false},{"id":8,"name":"TRAV_ABC","roblox_username":null,"avatar":"https://image2url.com/r2/default/images/1771197795125-a93434e2-fe3c-47f3-9c93-e0f1178c2741.png","last_heartbeat":null,"enabled":true,"online":false},{"id":9,"name":"TRAV_DEF","roblox_username":null,"avatar":... [truncated]
2026-02-21T16:33:01.172Z [network][GET 200] /api/bot/heartbeat
  response: {"bots":[{"id":1,"name":"Trav_ABC","roblox_username":null,"avatar":"https://slelguoygbfzlpylpxfs.supabase.co/storage/v1/render/image/public/project-uploads/e493a9e9-cb10-474b-b970-6c6f2509ebfd/image-1771690215483.png?width=8000&height=8000&resize=contain","last_heartbeat":null,"enabled":true,"online":false},{"id":2,"name":"Trav_DEF","roblox_username":null,"avatar":"https://slelguoygbfzlpylpxfs.supabase.co/storage/v1/render/image/public/project-uploads/e493a9e9-cb10-474b-b970-6c6f2509ebfd/image-1771690215483.png?width=8000&height=8000&resize=contain","last_heartbeat":null,"enabled":true,"online":false},{"id":3,"name":"Trav_GHI","roblox_username":null,"avatar":"https://slelguoygbfzlpylpxfs.supabase.co/storage/v1/render/image/public/project-uploads/e493a9e9-cb10-474b-b970-6c6f2509ebfd/image-1771690215483.png?width=8000&height=8000&resize=contain","last_heartbeat":null,"enabled":true,"online":false},{"id":4,"name":"C. Johnson","roblox_username":null,"avatar":"https://image2url.com/r2/default/images/1771197119360-e84ac26a-277f-436f-bec7-e3294b0d4110.png","last_heartbeat":null,"enabled":true,"online":false},{"id":5,"name":"Pink","roblox_username":null,"avatar":"https://image2url.com/r2/default/images/1771328542648-108abba7-08f3-44d2-8b7b-c9d88f588915.png","last_heartbeat":null,"enabled":true,"online":false},{"id":6,"name":"Divine","roblox_username":null,"avatar":"https://image2url.com/r2/default/images/1771414347024-54931f98-6fa2-4bbd-be55-7676b4417a0e.png","last_heartbeat":null,"enabled":true,"online":false},{"id":7,"name":"Barno","roblox_username":null,"avatar":"https://image2url.com/r2/default/images/1771328468399-b1498ac6-d166-4dc7-a0b6-3f02e422c24d.png","last_heartbeat":null,"enabled":true,"online":false},{"id":8,"name":"TRAV_ABC","roblox_username":null,"avatar":"https://image2url.com/r2/default/images/1771197795125-a93434e2-fe3c-47f3-9c93-e0f1178c2741.png","last_heartbeat":null,"enabled":true,"online":false},{"id":9,"name":"TRAV_DEF","roblox_username":null,"avatar":... [truncated]
2026-02-21T16:33:34.535Z [network][GET 200] /api/bot/heartbeat
  response: {"bots":[{"id":1,"name":"Trav_ABC","roblox_username":null,"avatar":"https://slelguoygbfzlpylpxfs.supabase.co/storage/v1/render/image/public/project-uploads/e493a9e9-cb10-474b-b970-6c6f2509ebfd/image-1771690215483.png?width=8000&height=8000&resize=contain","last_heartbeat":null,"enabled":true,"online":false},{"id":2,"name":"Trav_DEF","roblox_username":null,"avatar":"https://slelguoygbfzlpylpxfs.supabase.co/storage/v1/render/image/public/project-uploads/e493a9e9-cb10-474b-b970-6c6f2509ebfd/image-1771690215483.png?width=8000&height=8000&resize=contain","last_heartbeat":null,"enabled":true,"online":false},{"id":3,"name":"Trav_GHI","roblox_username":null,"avatar":"https://slelguoygbfzlpylpxfs.supabase.co/storage/v1/render/image/public/project-uploads/e493a9e9-cb10-474b-b970-6c6f2509ebfd/image-1771690215483.png?width=8000&height=8000&resize=contain","last_heartbeat":null,"enabled":true,"online":false},{"id":4,"name":"C. Johnson","roblox_username":null,"avatar":"https://image2url.com/r2/default/images/1771197119360-e84ac26a-277f-436f-bec7-e3294b0d4110.png","last_heartbeat":null,"enabled":true,"online":false},{"id":5,"name":"Pink","roblox_username":null,"avatar":"https://image2url.com/r2/default/images/1771328542648-108abba7-08f3-44d2-8b7b-c9d88f588915.png","last_heartbeat":null,"enabled":true,"online":false},{"id":6,"name":"Divine","roblox_username":null,"avatar":"https://image2url.com/r2/default/images/1771414347024-54931f98-6fa2-4bbd-be55-7676b4417a0e.png","last_heartbeat":null,"enabled":true,"online":false},{"id":7,"name":"Barno","roblox_username":null,"avatar":"https://image2url.com/r2/default/images/1771328468399-b1498ac6-d166-4dc7-a0b6-3f02e422c24d.png","last_heartbeat":null,"enabled":true,"online":false},{"id":8,"name":"Modge","roblox_username":null,"avatar":"https://image2url.com/r2/default/images/1771197795125-a93434e2-fe3c-47f3-9c93-e0f1178c2741.png","last_heartbeat":null,"enabled":true,"online":false},{"id":9,"name":"Mr.Bean","roblox_username":null,"avatar":"htt... [truncated]
2026-02-22T14:57:04.954Z [console][log] [Fast Refresh] done in 153ms
2026-02-22T14:57:10.449Z [console][log] [Fast Refresh] rebuilding
2026-02-22T14:57:10.480Z [console][log] [Fast Refresh] done in 132ms
2026-02-22T14:57:12.934Z [console][log] [Fast Refresh] rebuilding
2026-02-22T14:57:12.940Z [console][log] [Fast Refresh] done in 111ms
2026-02-23T23:37:17.481Z [console][log] [Fast Refresh] done in 105ms
2026-02-23T23:37:17.698Z [console][log] [Fast Refresh] rebuilding
2026-02-23T23:37:17.859Z [console][log] [Fast Refresh] done in 267ms
2026-02-23T23:37:18.633Z [console][log] [Fast Refresh] rebuilding
2026-02-23T23:37:18.650Z [console][log] [Fast Refresh] done in 117ms
2026-02-24T23:30:39.723Z [console][log] [Fast Refresh] rebuilding
2026-02-24T23:30:39.735Z [console][log] [Fast Refresh] done in 113ms
2026-02-24T23:30:54.915Z [console][log] [Fast Refresh] rebuilding
2026-02-24T23:30:54.946Z [console][log] [Fast Refresh] done in 134ms
2026-02-24T23:30:58.922Z [console][log] [Fast Refresh] rebuilding
2026-02-24T23:30:58.963Z [console][log] [Fast Refresh] done in 143ms
2026-02-27T17:48:11.907Z [console][log] [Fast Refresh] done in 117ms
2026-02-27T17:48:21.484Z [console][log] [Fast Refresh] rebuilding
2026-02-27T17:48:21.509Z [console][log] [Fast Refresh] done in 135ms
2026-02-27T17:48:24.066Z [console][log] [Fast Refresh] rebuilding
2026-02-27T17:48:26.033Z [console][warn] Image with src "https://slelguoygbfzlpylpxfs.supabase.co/storage/v1/render/image/public/project-uploads/e493a9e9-cb10-474b-b970-6c6f2509ebfd/image-26-4-1772214472123.png?width=8000&height=8000&resize=contain" is using quality "100" which is not configured in images.qualities. This config will be required starting in Next.js 16.
Read more: https://nextjs.org/docs/messages/next-image-unconfigured-qualities
2026-02-27T17:48:26.047Z [console][log] [Fast Refresh] done in 2038ms
2026-02-27T17:48:26.992Z [console][log] [Fast Refresh] rebuilding
2026-02-27T17:48:27.001Z [console][log] [Fast Refresh] done in 110ms
2026-02-27T17:48:27.722Z [console][log] [Fast Refresh] rebuilding
2026-02-27T17:48:27.737Z [console][log] [Fast Refresh] done in 116ms
2026-02-27T17:47:42.378Z [network][GET 200] /api/users/balance?username=PinkySold
  response: {"balance":1200000000063132}
2026-02-27T17:47:42.389Z [network][GET 200] /api/rain
  response: null
2026-02-27T17:47:58.931Z [network][GET 200] /api/rain
  response: null
2026-02-27T17:47:58.947Z [network][GET 200] /api/users/balance?username=PinkySold
  response: {"balance":1200000000063132}
2026-02-27T17:47:58.954Z [network][GET 200] /api/bot/heartbeat
  response: {"bots":[{"id":1,"name":"Trav_ABC","roblox_username":"Trav_ABC","avatar":"https://slelguoygbfzlpylpxfs.supabase.co/storage/v1/render/image/public/project-uploads/e493a9e9-cb10-474b-b970-6c6f2509ebfd/image-1771690215483.png?width=8000&height=8000&resize=contain","last_heartbeat":"2026-02-27T17:19:34.906+00:00","enabled":true,"private_server_url":"https://www.roblox.com/share?code=806db8afaa52cb4b91b271be7b3cb009&type=Server","online":false},{"id":2,"name":"Trav_DEF","roblox_username":null,"avatar":"https://slelguoygbfzlpylpxfs.supabase.co/storage/v1/render/image/public/project-uploads/e493a9e9-cb10-474b-b970-6c6f2509ebfd/image-1771690215483.png?width=8000&height=8000&resize=contain","last_heartbeat":null,"enabled":true,"private_server_url":null,"online":false},{"id":3,"name":"Trav_GHI","roblox_username":null,"avatar":"https://slelguoygbfzlpylpxfs.supabase.co/storage/v1/render/image/public/project-uploads/e493a9e9-cb10-474b-b970-6c6f2509ebfd/image-1771690215483.png?width=8000&height=8000&resize=contain","last_heartbeat":null,"enabled":true,"private_server_url":null,"online":false},{"id":4,"name":"C. Johnson","roblox_username":null,"avatar":"https://image2url.com/r2/default/images/1771197119360-e84ac26a-277f-436f-bec7-e3294b0d4110.png","last_heartbeat":null,"enabled":true,"private_server_url":null,"online":false},{"id":5,"name":"Pink","roblox_username":null,"avatar":"https://image2url.com/r2/default/images/1771328542648-108abba7-08f3-44d2-8b7b-c9d88f588915.png","last_heartbeat":null,"enabled":true,"private_server_url":null,"online":false},{"id":6,"name":"Divine","roblox_username":null,"avatar":"https://image2url.com/r2/default/images/1771414347024-54931f98-6fa2-4bbd-be55-7676b4417a0e.png","last_heartbeat":null,"enabled":true,"private_server_url":null,"online":false},{"id":7,"name":"Barno","roblox_username":null,"avatar":"https://image2url.com/r2/default/images/1771328468399-b1498ac6-d166-4dc7-a0b6-3f02e422c24d.png","last_heartbeat":null,"enabled":true,"private_server_u... [truncated]
2026-02-27T17:48:13.240Z [network][GET 200] /api/rain
  response: null
2026-02-27T17:48:13.272Z [network][GET 200] /api/users/balance?username=PinkySold
  response: {"balance":1200000000063132}
2026-02-27T17:48:28.275Z [network][GET 200] /api/rain
  response: null
2026-02-27T17:48:28.301Z [network][GET 200] /api/bot/heartbeat
  response: {"bots":[{"id":1,"name":"Trav_ABC","roblox_username":"Trav_ABC","avatar":"https://slelguoygbfzlpylpxfs.supabase.co/storage/v1/render/image/public/project-uploads/e493a9e9-cb10-474b-b970-6c6f2509ebfd/image-1771690215483.png?width=8000&height=8000&resize=contain","last_heartbeat":"2026-02-27T17:19:34.906+00:00","enabled":true,"private_server_url":"https://www.roblox.com/share?code=806db8afaa52cb4b91b271be7b3cb009&type=Server","online":false},{"id":2,"name":"Trav_DEF","roblox_username":null,"avatar":"https://slelguoygbfzlpylpxfs.supabase.co/storage/v1/render/image/public/project-uploads/e493a9e9-cb10-474b-b970-6c6f2509ebfd/image-1771690215483.png?width=8000&height=8000&resize=contain","last_heartbeat":null,"enabled":true,"private_server_url":null,"online":false},{"id":3,"name":"Trav_GHI","roblox_username":null,"avatar":"https://slelguoygbfzlpylpxfs.supabase.co/storage/v1/render/image/public/project-uploads/e493a9e9-cb10-474b-b970-6c6f2509ebfd/image-1771690215483.png?width=8000&height=8000&resize=contain","last_heartbeat":null,"enabled":true,"private_server_url":null,"online":false},{"id":4,"name":"C. Johnson","roblox_username":null,"avatar":"https://image2url.com/r2/default/images/1771197119360-e84ac26a-277f-436f-bec7-e3294b0d4110.png","last_heartbeat":null,"enabled":true,"private_server_url":null,"online":false},{"id":5,"name":"Pink","roblox_username":null,"avatar":"https://image2url.com/r2/default/images/1771328542648-108abba7-08f3-44d2-8b7b-c9d88f588915.png","last_heartbeat":null,"enabled":true,"private_server_url":null,"online":false},{"id":6,"name":"Divine","roblox_username":null,"avatar":"https://image2url.com/r2/default/images/1771414347024-54931f98-6fa2-4bbd-be55-7676b4417a0e.png","last_heartbeat":null,"enabled":true,"private_server_url":null,"online":false},{"id":7,"name":"Barno","roblox_username":null,"avatar":"https://image2url.com/r2/default/images/1771328468399-b1498ac6-d166-4dc7-a0b6-3f02e422c24d.png","last_heartbeat":null,"enabled":true,"private_server_u... [truncated]
2026-02-27T17:48:28.331Z [network][GET 200] /api/users/balance?username=PinkySold
  response: {"balance":1200000000063132}
2026-02-27T22:09:06.121Z [console][log] [Fast Refresh] done in 190ms
2026-02-27T22:09:07.068Z [console][log] [Fast Refresh] rebuilding
2026-02-27T22:09:07.165Z [console][log] [Fast Refresh] done in 200ms
2026-02-27T22:09:07.267Z [console][log] [Fast Refresh] rebuilding
2026-02-27T22:09:07.268Z [console][log] [Fast Refresh] done in 101ms
2026-03-02T16:56:28.160Z [console][error] Failed to refresh balances: TypeError: Failed to fetch
2026-03-02T16:56:30.418Z [console][error] Failed to refresh balances: TypeError: Failed to fetch
2026-03-03T10:57:59.939Z [console][log] [Fast Refresh] done in 208ms
2026-03-03T10:58:06.281Z [console][log] [Fast Refresh] rebuilding
2026-03-03T10:58:06.290Z [console][log] [Fast Refresh] done in 109ms
2026-03-03T10:58:06.551Z [console][log] [Fast Refresh] rebuilding
2026-03-03T10:58:06.730Z [console][log] [Fast Refresh] done in 281ms
2026-03-03T10:58:07.104Z [console][log] [Fast Refresh] rebuilding
2026-03-03T10:58:07.108Z [console][log] [Fast Refresh] done in 105ms
2026-03-03T10:58:07.299Z [console][log] [Fast Refresh] rebuilding
2026-03-03T10:58:07.326Z [console][log] [Fast Refresh] done in 128ms
2026-03-03T10:58:13.467Z [console][log] [Fast Refresh] rebuilding
2026-03-03T10:58:13.492Z [console][log] [Fast Refresh] done in 131ms
2026-03-03T10:58:14.300Z [console][log] [Fast Refresh] rebuilding
2026-03-03T10:58:14.331Z [console][log] [Fast Refresh] done in 135ms
2026-03-03T10:58:14.582Z [console][log] [Fast Refresh] rebuilding
2026-03-03T10:58:14.631Z [console][log] [Fast Refresh] done in 152ms
2026-03-03T10:56:52.074Z [network][GET 200] /api/rain
  response: null
2026-03-03T10:56:52.075Z [network][GET 200] /api/users/balance?username=PinkySold
  response: {"balance":11148.310000000001,"fun_balance":14344.000267}
2026-03-03T10:57:07.953Z [network][GET 200] /api/users/balance?username=PinkySold
  response: {"balance":11148.310000000001,"fun_balance":14344.000267}
2026-03-03T10:57:07.976Z [network][GET 200] /api/bot/heartbeat
  response: {"bots":[{"id":1,"name":"Trav_ABC","roblox_username":"Trav_ABC","avatar":"https://slelguoygbfzlpylpxfs.supabase.co/storage/v1/render/image/public/project-uploads/e493a9e9-cb10-474b-b970-6c6f2509ebfd/image-1771690215483.png?width=8000&height=8000&resize=contain","last_heartbeat":"2026-03-02T23:34:06.747+00:00","enabled":true,"private_server_url":"https://www.roblox.com/share?code=806db8afaa52cb4b91b271be7b3cb009&type=Server","online":false},{"id":2,"name":"Trav_DEF","roblox_username":null,"avatar":"https://slelguoygbfzlpylpxfs.supabase.co/storage/v1/render/image/public/project-uploads/e493a9e9-cb10-474b-b970-6c6f2509ebfd/image-1771690215483.png?width=8000&height=8000&resize=contain","last_heartbeat":null,"enabled":true,"private_server_url":null,"online":false},{"id":3,"name":"Trav_GHI","roblox_username":null,"avatar":"https://slelguoygbfzlpylpxfs.supabase.co/storage/v1/render/image/public/project-uploads/e493a9e9-cb10-474b-b970-6c6f2509ebfd/image-1771690215483.png?width=8000&height=8000&resize=contain","last_heartbeat":null,"enabled":true,"private_server_url":null,"online":false},{"id":4,"name":"C. Johnson","roblox_username":null,"avatar":"https://image2url.com/r2/default/images/1771197119360-e84ac26a-277f-436f-bec7-e3294b0d4110.png","last_heartbeat":null,"enabled":true,"private_server_url":null,"online":false},{"id":5,"name":"Pink","roblox_username":null,"avatar":"https://image2url.com/r2/default/images/1771328542648-108abba7-08f3-44d2-8b7b-c9d88f588915.png","last_heartbeat":null,"enabled":true,"private_server_url":null,"online":false},{"id":6,"name":"Divine","roblox_username":null,"avatar":"https://image2url.com/r2/default/images/1771414347024-54931f98-6fa2-4bbd-be55-7676b4417a0e.png","last_heartbeat":null,"enabled":true,"private_server_url":null,"online":false},{"id":7,"name":"Barno","roblox_username":null,"avatar":"https://image2url.com/r2/default/images/1771328468399-b1498ac6-d166-4dc7-a0b6-3f02e422c24d.png","last_heartbeat":null,"enabled":true,"private_server_u... [truncated]
2026-03-03T10:57:08.096Z [network][GET 200] /api/rain
  response: null
2026-03-03T10:57:22.354Z [network][GET 200] /api/rain
  response: null
2026-03-03T10:57:22.397Z [network][GET 200] /api/users/balance?username=PinkySold
  response: {"balance":11148.310000000001,"fun_balance":14344.000267}
2026-03-03T10:57:37.755Z [network][GET 200] /api/rain
  response: null
2026-03-03T10:57:37.855Z [network][GET 200] /api/users/balance?username=PinkySold
  response: {"balance":11148.310000000001,"fun_balance":14344.000267}
2026-03-03T10:57:37.855Z [network][GET 200] /api/bot/heartbeat
  response: {"bots":[{"id":1,"name":"Trav_ABC","roblox_username":"Trav_ABC","avatar":"https://slelguoygbfzlpylpxfs.supabase.co/storage/v1/render/image/public/project-uploads/e493a9e9-cb10-474b-b970-6c6f2509ebfd/image-1771690215483.png?width=8000&height=8000&resize=contain","last_heartbeat":"2026-03-02T23:34:06.747+00:00","enabled":true,"private_server_url":"https://www.roblox.com/share?code=806db8afaa52cb4b91b271be7b3cb009&type=Server","online":false},{"id":2,"name":"Trav_DEF","roblox_username":null,"avatar":"https://slelguoygbfzlpylpxfs.supabase.co/storage/v1/render/image/public/project-uploads/e493a9e9-cb10-474b-b970-6c6f2509ebfd/image-1771690215483.png?width=8000&height=8000&resize=contain","last_heartbeat":null,"enabled":true,"private_server_url":null,"online":false},{"id":3,"name":"Trav_GHI","roblox_username":null,"avatar":"https://slelguoygbfzlpylpxfs.supabase.co/storage/v1/render/image/public/project-uploads/e493a9e9-cb10-474b-b970-6c6f2509ebfd/image-1771690215483.png?width=8000&height=8000&resize=contain","last_heartbeat":null,"enabled":true,"private_server_url":null,"online":false},{"id":4,"name":"C. Johnson","roblox_username":null,"avatar":"https://image2url.com/r2/default/images/1771197119360-e84ac26a-277f-436f-bec7-e3294b0d4110.png","last_heartbeat":null,"enabled":true,"private_server_url":null,"online":false},{"id":5,"name":"Pink","roblox_username":null,"avatar":"https://image2url.com/r2/default/images/1771328542648-108abba7-08f3-44d2-8b7b-c9d88f588915.png","last_heartbeat":null,"enabled":true,"private_server_url":null,"online":false},{"id":6,"name":"Divine","roblox_username":null,"avatar":"https://image2url.com/r2/default/images/1771414347024-54931f98-6fa2-4bbd-be55-7676b4417a0e.png","last_heartbeat":null,"enabled":true,"private_server_url":null,"online":false},{"id":7,"name":"Barno","roblox_username":null,"avatar":"https://image2url.com/r2/default/images/1771328468399-b1498ac6-d166-4dc7-a0b6-3f02e422c24d.png","last_heartbeat":null,"enabled":true,"private_server_u... [truncated]
2026-03-03T10:57:52.436Z [network][GET 200] /api/rain
  response: null
2026-03-03T10:57:52.450Z [network][GET 200] /api/users/balance?username=PinkySold
  response: {"balance":11148.310000000001,"fun_balance":14344.000267}
2026-03-03T10:58:07.964Z [network][GET 200] /api/bot/heartbeat
  response: {"bots":[{"id":1,"name":"Trav_ABC","roblox_username":"Trav_ABC","avatar":"https://slelguoygbfzlpylpxfs.supabase.co/storage/v1/render/image/public/project-uploads/e493a9e9-cb10-474b-b970-6c6f2509ebfd/image-1771690215483.png?width=8000&height=8000&resize=contain","last_heartbeat":"2026-03-02T23:34:06.747+00:00","enabled":true,"private_server_url":"https://www.roblox.com/share?code=806db8afaa52cb4b91b271be7b3cb009&type=Server","online":false},{"id":2,"name":"Trav_DEF","roblox_username":null,"avatar":"https://slelguoygbfzlpylpxfs.supabase.co/storage/v1/render/image/public/project-uploads/e493a9e9-cb10-474b-b970-6c6f2509ebfd/image-1771690215483.png?width=8000&height=8000&resize=contain","last_heartbeat":null,"enabled":true,"private_server_url":null,"online":false},{"id":3,"name":"Trav_GHI","roblox_username":null,"avatar":"https://slelguoygbfzlpylpxfs.supabase.co/storage/v1/render/image/public/project-uploads/e493a9e9-cb10-474b-b970-6c6f2509ebfd/image-1771690215483.png?width=8000&height=8000&resize=contain","last_heartbeat":null,"enabled":true,"private_server_url":null,"online":false},{"id":4,"name":"C. Johnson","roblox_username":null,"avatar":"https://image2url.com/r2/default/images/1771197119360-e84ac26a-277f-436f-bec7-e3294b0d4110.png","last_heartbeat":null,"enabled":true,"private_server_url":null,"online":false},{"id":5,"name":"Pink","roblox_username":null,"avatar":"https://image2url.com/r2/default/images/1771328542648-108abba7-08f3-44d2-8b7b-c9d88f588915.png","last_heartbeat":null,"enabled":true,"private_server_url":null,"online":false},{"id":6,"name":"Divine","roblox_username":null,"avatar":"https://image2url.com/r2/default/images/1771414347024-54931f98-6fa2-4bbd-be55-7676b4417a0e.png","last_heartbeat":null,"enabled":true,"private_server_url":null,"online":false},{"id":7,"name":"Barno","roblox_username":null,"avatar":"https://image2url.com/r2/default/images/1771328468399-b1498ac6-d166-4dc7-a0b6-3f02e422c24d.png","last_heartbeat":null,"enabled":true,"private_server_u... [truncated]
2026-03-03T10:58:07.980Z [network][GET 200] /api/users/balance?username=PinkySold
  response: {"balance":11148.310000000001,"fun_balance":14344.000267}
2026-03-03T10:58:08.001Z [network][GET 200] /api/rain
  response: null
2026-03-03T23:14:11.791Z [console][log] [Fast Refresh] done in 111ms
2026-03-03T23:14:18.065Z [console][log] [Fast Refresh] rebuilding
2026-03-03T23:14:18.097Z [console][log] [Fast Refresh] done in 137ms
2026-03-03T23:14:26.448Z [console][log] [Fast Refresh] rebuilding
2026-03-03T23:14:31.331Z [console][log] [Fast Refresh] done in 4888ms
2026-03-03T23:14:31.957Z [console][log] [Fast Refresh] rebuilding
2026-03-03T23:14:31.999Z [console][log] [Fast Refresh] done in 143ms
2026-03-03T23:14:38.800Z [console][log] [Fast Refresh] rebuilding
2026-03-03T23:14:46.589Z [console][log] [Fast Refresh] done in 7100ms
2026-03-03T23:14:47.121Z [console][log] [Fast Refresh] rebuilding
2026-03-03T23:13:03.465Z [network][GET 200] /api/rain
  response: null
2026-03-03T23:13:19.891Z [network][GET 200] /api/bot/heartbeat
  response: {"bots":[{"id":1,"name":"Trav_ABC","roblox_username":"Trav_ABC","avatar":"https://slelguoygbfzlpylpxfs.supabase.co/storage/v1/render/image/public/project-uploads/e493a9e9-cb10-474b-b970-6c6f2509ebfd/image-1771690215483.png?width=8000&height=8000&resize=contain","last_heartbeat":"2026-03-02T23:34:06.747+00:00","enabled":true,"private_server_url":"https://www.roblox.com/share?code=806db8afaa52cb4b91b271be7b3cb009&type=Server","online":false},{"id":2,"name":"Trav_DEF","roblox_username":null,"avatar":"https://slelguoygbfzlpylpxfs.supabase.co/storage/v1/render/image/public/project-uploads/e493a9e9-cb10-474b-b970-6c6f2509ebfd/image-1771690215483.png?width=8000&height=8000&resize=contain","last_heartbeat":null,"enabled":true,"private_server_url":null,"online":false},{"id":3,"name":"Trav_GHI","roblox_username":null,"avatar":"https://slelguoygbfzlpylpxfs.supabase.co/storage/v1/render/image/public/project-uploads/e493a9e9-cb10-474b-b970-6c6f2509ebfd/image-1771690215483.png?width=8000&height=8000&resize=contain","last_heartbeat":null,"enabled":true,"private_server_url":null,"online":false},{"id":4,"name":"C. Johnson","roblox_username":null,"avatar":"https://image2url.com/r2/default/images/1771197119360-e84ac26a-277f-436f-bec7-e3294b0d4110.png","last_heartbeat":null,"enabled":true,"private_server_url":null,"online":false},{"id":5,"name":"Pink","roblox_username":null,"avatar":"https://image2url.com/r2/default/images/1771328542648-108abba7-08f3-44d2-8b7b-c9d88f588915.png","last_heartbeat":null,"enabled":true,"private_server_url":null,"online":false},{"id":6,"name":"Divine","roblox_username":null,"avatar":"https://image2url.com/r2/default/images/1771414347024-54931f98-6fa2-4bbd-be55-7676b4417a0e.png","last_heartbeat":null,"enabled":true,"private_server_url":null,"online":false},{"id":7,"name":"Barno","roblox_username":null,"avatar":"https://image2url.com/r2/default/images/1771328468399-b1498ac6-d166-4dc7-a0b6-3f02e422c24d.png","last_heartbeat":null,"enabled":true,"private_server_u... [truncated]
2026-03-03T23:13:19.932Z [network][GET 200] /api/rain
  response: null
2026-03-03T23:13:33.611Z [network][GET 200] /api/rain
  response: null
2026-03-03T23:13:48.751Z [network][GET 200] /api/rain
  response: null
2026-03-03T23:13:48.760Z [network][GET 200] /api/bot/heartbeat
  response: {"bots":[{"id":1,"name":"Trav_ABC","roblox_username":"Trav_ABC","avatar":"https://slelguoygbfzlpylpxfs.supabase.co/storage/v1/render/image/public/project-uploads/e493a9e9-cb10-474b-b970-6c6f2509ebfd/image-1771690215483.png?width=8000&height=8000&resize=contain","last_heartbeat":"2026-03-02T23:34:06.747+00:00","enabled":true,"private_server_url":"https://www.roblox.com/share?code=806db8afaa52cb4b91b271be7b3cb009&type=Server","online":false},{"id":2,"name":"Trav_DEF","roblox_username":null,"avatar":"https://slelguoygbfzlpylpxfs.supabase.co/storage/v1/render/image/public/project-uploads/e493a9e9-cb10-474b-b970-6c6f2509ebfd/image-1771690215483.png?width=8000&height=8000&resize=contain","last_heartbeat":null,"enabled":true,"private_server_url":null,"online":false},{"id":3,"name":"Trav_GHI","roblox_username":null,"avatar":"https://slelguoygbfzlpylpxfs.supabase.co/storage/v1/render/image/public/project-uploads/e493a9e9-cb10-474b-b970-6c6f2509ebfd/image-1771690215483.png?width=8000&height=8000&resize=contain","last_heartbeat":null,"enabled":true,"private_server_url":null,"online":false},{"id":4,"name":"C. Johnson","roblox_username":null,"avatar":"https://image2url.com/r2/default/images/1771197119360-e84ac26a-277f-436f-bec7-e3294b0d4110.png","last_heartbeat":null,"enabled":true,"private_server_url":null,"online":false},{"id":5,"name":"Pink","roblox_username":null,"avatar":"https://image2url.com/r2/default/images/1771328542648-108abba7-08f3-44d2-8b7b-c9d88f588915.png","last_heartbeat":null,"enabled":true,"private_server_url":null,"online":false},{"id":6,"name":"Divine","roblox_username":null,"avatar":"https://image2url.com/r2/default/images/1771414347024-54931f98-6fa2-4bbd-be55-7676b4417a0e.png","last_heartbeat":null,"enabled":true,"private_server_url":null,"online":false},{"id":7,"name":"Barno","roblox_username":null,"avatar":"https://image2url.com/r2/default/images/1771328468399-b1498ac6-d166-4dc7-a0b6-3f02e422c24d.png","last_heartbeat":null,"enabled":true,"private_server_u... [truncated]
2026-03-03T23:14:03.971Z [network][GET 200] /api/rain
  response: null
2026-03-03T23:14:19.414Z [network][GET 200] /api/bot/heartbeat
  response: {"bots":[{"id":1,"name":"Trav_ABC","roblox_username":"Trav_ABC","avatar":"https://slelguoygbfzlpylpxfs.supabase.co/storage/v1/render/image/public/project-uploads/e493a9e9-cb10-474b-b970-6c6f2509ebfd/image-1771690215483.png?width=8000&height=8000&resize=contain","last_heartbeat":"2026-03-02T23:34:06.747+00:00","enabled":true,"private_server_url":"https://www.roblox.com/share?code=806db8afaa52cb4b91b271be7b3cb009&type=Server","online":false},{"id":2,"name":"Trav_DEF","roblox_username":null,"avatar":"https://slelguoygbfzlpylpxfs.supabase.co/storage/v1/render/image/public/project-uploads/e493a9e9-cb10-474b-b970-6c6f2509ebfd/image-1771690215483.png?width=8000&height=8000&resize=contain","last_heartbeat":null,"enabled":true,"private_server_url":null,"online":false},{"id":3,"name":"Trav_GHI","roblox_username":null,"avatar":"https://slelguoygbfzlpylpxfs.supabase.co/storage/v1/render/image/public/project-uploads/e493a9e9-cb10-474b-b970-6c6f2509ebfd/image-1771690215483.png?width=8000&height=8000&resize=contain","last_heartbeat":null,"enabled":true,"private_server_url":null,"online":false},{"id":4,"name":"C. Johnson","roblox_username":null,"avatar":"https://image2url.com/r2/default/images/1771197119360-e84ac26a-277f-436f-bec7-e3294b0d4110.png","last_heartbeat":null,"enabled":true,"private_server_url":null,"online":false},{"id":5,"name":"Pink","roblox_username":null,"avatar":"https://image2url.com/r2/default/images/1771328542648-108abba7-08f3-44d2-8b7b-c9d88f588915.png","last_heartbeat":null,"enabled":true,"private_server_url":null,"online":false},{"id":6,"name":"Divine","roblox_username":null,"avatar":"https://image2url.com/r2/default/images/1771414347024-54931f98-6fa2-4bbd-be55-7676b4417a0e.png","last_heartbeat":null,"enabled":true,"private_server_url":null,"online":false},{"id":7,"name":"Barno","roblox_username":null,"avatar":"https://image2url.com/r2/default/images/1771328468399-b1498ac6-d166-4dc7-a0b6-3f02e422c24d.png","last_heartbeat":null,"enabled":true,"private_server_u... [truncated]
2026-03-03T23:14:19.511Z [network][GET 200] /api/rain
  response: null
2026-03-03T23:14:33.998Z [network][GET 200] /api/rain
  response: null
